Name,Team,POS,ADP,IP,mSV,mERA,mWHIP,mSO,PTS,aPOS,Dollars,PlayerId
"Jacob deGrom","NYM","SP",4.650000095367432,204,-10.2587271811123,74.28231984724384,71.60183267309338,41.076388379559,176.7018137187839,50.9927696608147,228.69458337959858,"10954"
"Gerrit Cole","NYY","SP",7.400000095367432,200,-10.2587271811123,28.330221027324768,44.820602421181015,40.777922342287,103.67001860968047,50.9927696608147,155.66278827049516,"13125"
"Shane Bieber","CLE","SP",9.970000267028809,192,-10.2587271811123,27.19701218623177,40.32086923115851,31.525475186855,88.78462942313297,50.9927696608147,140.7773990839477,"19427"
"Max Scherzer","WSN","SP",25.459999084472656,178,-10.2587271811123,24.30618682633158,37.09883615251413,31.823941224127,82.9702370218604,50.9927696608147,134.96300668267511,"3137"
"Yu Darvish","SDP","SP",16.850000381469727,184,-10.2587271811123,22.432963793188964,27.36204512496315,29.436212925951,68.97249466299081,50.9927696608147,120.96526432380551,"13074"
"Walker Buehler","LAD","SP",21.690000534057617,167,-10.2587271811123,25.925009277784817,29.85431665171156,22.571494068695,68.09209281707908,50.9927696608147,120.0848624778938,"19374"
"Clayton Kershaw","LAD","SP",31.690000534057617,174,-10.2587271811123,25.55500218176001,30.61942409941645,17.796037472343,63.711736572407155,50.9927696608147,115.70450623322186,"2036"
"Lucas Giolito","CHW","SP",17.510000228881836,174,-10.2587271811123,14.662483525910588,22.160333183243637,28.242348776863,54.806438304904916,50.9927696608147,106.79920796571962,"15474"
"Jack Flaherty","STL","SP",31.579999923706055,176,-10.2587271811123,17.668915400146158,21.170493751706076,25.556154441415,54.136836412154935,50.9927696608147,106.12960607296964,"17479"
"Trevor Bauer","LAD","SP",15.109999656677246,192,-10.2587271811123,16.30449353038235,11.559960116170972,28.839280851407,46.44500731684801,50.9927696608147,98.43777697766271,"12703"
"Edwin Diaz","NYM","RP",72.76000213623047,63,39.924091106019,25.71665255137521,17.036876128751874,-7.87204173304899,74.80557805309708,20.198196636332707,96.00377468942979,"14710"
"Josh Hader","MIL","RP",58.45000076293945,66,28.946599605709,22.964621258829,19.781662439531935,-6.081245509417,65.61163779465296,20.198196636332707,86.80983443098567,"14212"
"Liam Hendriks","CHW","RP",54.900001525878906,68,35.2194518916004,18.709374029164987,18.79182300799435,-9.96130399395299,62.7593449348068,20.198196636332707,83.9575415711395,"3548"
"Blake Snell","SDP","SP",42.13999938964844,146,-10.2587271811123,19.77335146195963,5.565357926547507,15.408309174167,30.488291381561844,50.9927696608147,82.48106104237654,"13543"
"Aroldis Chapman","NYY","RP",65.9000015258789,63,38.3558780345461,22.0858129994254,6.885967029344509,-9.06590588213699,58.26175218117905,20.198196636332707,79.45994881751177,"10233"
"Tyler Glasnow","TBR","SP",45.459999084472656,155,-10.2587271811123,7.886418032371211,5.34062594271488,23.765358217783,26.733675011756784,50.9927696608147,78.72644467257149,"14374"
"Aaron Nola","PHI","SP",21.950000762939453,188,-10.2587271811123,6.660790229961355,3.388729879838729,26.750018590503,26.540811519190775,50.9927696608147,78.53358118000547,"16149"
"Luis Castillo","CIN","SP",27.770000457763672,183,-10.2587271811123,10.037229200221734,-0.058035182638329096,25.854620478687,25.5750873151581,50.9927696608147,77.5678569759728,"15689"
"Brandon Woodruff","MIL","SP",32.56999969482422,154,-10.2587271811123,6.383202095253402,6.681454750100941,15.109843136895,17.915772801137045,50.9927696608147,69.90854246195174,"16162"
"Dinelson Lamet","SDP","SP",107.0199966430664,123,-10.2587271811123,10.615261771898874,5.951693198204919,10.035920503271,16.3441482922625,50.9927696608147,68.3369179530772,"17186"
"Chris Sale","BOS","SP",349.20001220703125,86,-10.2587271811123,9.458865377787328,18.342359040329022,-6.081245509417,11.461251727587069,50.9927696608147,63.45402138840177,"10603"
"Carlos Carrasco","NYM","SP",116.56999969482422,102,-10.2587271811123,8.094443508023495,12.115461771263016,-1.902720987609,8.048457110565227,50.9927696608147,60.041226771379925,"6632"
"Ryan Pressly","HOU","RP",98.33999633789062,63,36.7876649630733,11.193294343575978,5.194148846109949,-15.632158702121,37.54294945063823,20.198196636332707,58.74114608697094,"7005"
"Craig Kimbrel","CHC","RP",166.3699951171875,65,36.7876649630733,3.3072075619621524,0.8206730481032651,-10.558236068497,30.35730950464172,20.198196636332707,51.55550614097443,"6655"
"Stephen Strasburg","WSN","SP",68.44000244140625,164,-10.2587271811123,-4.0005153972172565,-1.6513787740560397,14.811377099623,-1.0992442527625945,50.9927696608147,50.893525408052106,"10131"
"Joe Musgrove","SDP","SP",121.36000061035156,164,-10.2587271811123,-7.631354949167064,5.1158939588822046,11.528250689631,-1.2459374817661555,50.9927696608147,50.74683217904855,"12970"
"Kevin Gausman","SFG","SP",137.50999450683594,170,-10.2587271811123,-5.873738430359875,-1.237260702199652,16.005241248711,-1.3644850649608258,50.9927696608147,50.62828459585388,"14107"
"Charlie Morton","ATL","SP",114.2699966430664,161,-10.2587271811123,2.382355447278786,-7.779801451305222,14.214445025079,-1.441728160059734,50.9927696608147,50.55104150075498,"4676"
"Raisel Iglesias","LAA","RP",82,64,35.2194518916004,5.434831176794162,3.8533200387238877,-15.333692664849,29.173910442269495,20.198196636332707,50.3721070786022,"17130"
"James Karinchak","CLE","RP",95.81999969482422,64,28.946599605709,12.696510280693776,-7.98940724391804,-6.081245509417,27.57245713306777,20.198196636332707,48.77065376940047,"20151"
"Chris Paddack","SDP","SP",101.1500015258789,122,-10.2587271811123,-5.411312373018163,8.98434018882559,-0.111924763977,-6.797624129281859,50.9927696608147,45.19514553153284,"20099"
"Hyun-Jin Ryu","TOR","SP",70.33000183105469,173,-10.2587271811123,-4.994930170956257,-1.8761107578887144,9.43898842872699,-7.690779681230264,50.9927696608147,44.301989979584434,"14444"
"Kenley Jansen","LAD","RP",110.16999816894531,63,35.2194518916004,-3.3300638642232494,3.5023306628753876,-16.229090776665,19.162627913587592,20.198196636332707,40.3608245499203,"3096"
"James Paxton","SEA","SP",226.69000244140625,130,-10.2587271811123,-7.908943083874994,-0.050472087028388825,5.85739598146299,-12.360746370552674,50.9927696608147,39.632023290262026,"11828"
"Zack Greinke","HOU","SP",104.1500015258789,186,-10.2587271811123,-21.76151850792291,6.070387494610852,13.020580875991,-12.929277318433353,50.9927696608147,39.06349234238135,"1943"
"Corbin Burnes","MIL","SP",54.959999084472656,128,-10.2587271811123,-3.653695854210973,-7.519723571663632,7.94665824236699,-13.485488364619899,50.9927696608147,38.507281296194805,"19361"
"Jesus Luzardo","OAK","SP",98.11000061035156,127,-10.2587271811123,-1.5260722393789738,-4.487076581043009,1.380405422383,-14.891470579151271,50.9927696608147,37.101299081663434,"19959"
"Zac Gallen","ARI","SP",58.2599983215332,138,-10.2587271811123,-6.7757342427820175,-7.393466179647808,9.14052239145499,-15.287405212087123,50.9927696608147,36.705364448727586,"19291"
"Brad Hand","WSN","RP",106.12000274658203,64,22.6737473198176,1.8039916248443555,3.8533200387238877,-13.542896441217,14.788162542168873,20.198196636332707,35.98635917850159,"9111"
"Noah Syndergaard","NYM","SP",343.3900146484375,96,-10.2587271811123,-0.9248521146833087,1.550434599999262,-9.36437191940899,-18.99751661520533,50.9927696608147,32.995253045609374,"11762"
"Andrew Heaney","LAA","SP",224.61000061035156,168,-10.2587271811123,-27.034368064344484,1.444396912572519,15.408309174167,-20.44038915871727,50.9927696608147,31.55238050209743,"15423"
"Chris Martin","ATL","RP",328.54998779296875,65,13.2644688909805,6.938047113911959,7.587945781041509,-17.721420963025,10.06904082290898,20.198196636332707,31.267237459241684,"11847"
"Luis Severino","NYY","SP",445.3599853515625,85,-10.2587271811123,-2.936869215179902,2.765006015369475,-10.558236068497,-20.988826449419708,50.9927696608147,31.003943211394994,"15890"
"Will Smith","ATL","RP",174.7100067138672,64,11.6962558195076,5.434831176794162,3.8533200387238877,-12.647498329401,8.336908705624708,20.198196636332707,29.53510534195742,"8048"
"Corey Kluber","NYY","SP",167.05999755859375,155,-10.2587271811123,-21.16029838322725,0.2651713930111964,8.24512427963899,-22.908729891689344,50.9927696608147,29.08403976912536,"2429"
"Sonny Gray","CIN","SP",81.69000244140625,154,-10.2587271811123,-8.140156112545826,-18.69581799841747,13.319046913263,-23.7756543788126,50.9927696608147,28.21711528200211,"12768"
"Taylor Rogers","MIN","RP",202.3699951171875,64,6.99161660508909,12.696510280693776,3.8533200387238877,-16.527556813937,7.01389011056977,20.198196636332707,28.21208674690248,"13449"
"Seth Lugo","NYM","SP/RP",557.7000122070312,54,-10.2587271811123,-2.3356490904842375,7.110699013177184,-20.407615298473,-25.891292556892328,50.9927696608147,26.101477103922374,"12447"
"Peter Fairbanks","TBR","RP",387.9200134277344,67,13.2644688909805,6.313639436197757,-1.860984566668882,-12.945964366673,4.771159393836387,20.198196636332707,25.969356030169095,"17998"
"Lance McCullers Jr.","HOU","SP",117.36000061035156,144,-10.2587271811123,-5.0181177239747825,-18.8220753904333,7.05126013055099,-27.047660164969383,50.9927696608147,24.945109495845326,"14120"
"Rafael Montero","SEA","RP",174.74000549316406,63,27.3783865342362,-3.3300638642232494,-3.2649420700628555,-17.124488888481,3.6588917114690878,20.198196636332707,24.857088347801795,"12760"
"Dustin May","LAD","SP",232.14999389648438,85,-10.2587271811123,-2.936869215179902,-2.310448534334208,-13.542896441217,-29.048941371843387,50.9927696608147,22.943828288971318,"19716"
"David Price","LAD","SP",206.10000610351562,118,-10.2587271811123,-11.42417612148937,-5.9541627804448956,-1.902720987609,-29.539787070655553,50.9927696608147,22.452982590159152,"3184"
"Lance Lynn","CHW","SP",54.97999954223633,190,-10.2587271811123,-26.64117341530115,-16.211109567279006,23.168426143239,-29.942584020453463,50.9927696608147,22.05018564036124,"2520"
"Julio Urias","LAD","SP",123.68000030517578,107,-10.2587271811123,-9.805353670036137,-6.43140954830922,-4.290449285785,-30.785939685242642,50.9927696608147,21.20682997557206,"14765"
"Chad Green","NYY","RP",522.5800170898438,64,-8.69051410963944,9.06567072874397,12.312410954896693,-12.945964366673,-0.2583967926717616,20.198196636332707,20.939799843660946,"15552"
"Sixto Sanchez","MIA","SP",131.3800048828125,136,-10.2587271811123,-6.15132656506778,-13.170899481048489,-1.902720987609,-31.483674214837553,50.9927696608147,20.50909544597715,"19680"
"Diego Castillo","TBR","RP",285.3500061035156,65,5.42340353361624,10.568886665861767,-0.871145135131296,-15.930624739393,-0.8094796750462779,20.198196636332707,20.38871696128643,"17496"
"Emilio Pagan","SDP","RP",394.1000061035156,63,6.99161660508909,0.3007756877265585,6.885967029344509,-16.229090776665,-2.0507314545048274,20.198196636332707,19.147465181827883,"14771"
"Zack Wheeler","PHI","SP",100.4000015258789,180,-10.2587271811123,-23.5191350267301,-12.953730592825707,13.319046913263,-33.41254588740511,50.9927696608147,18.580223773409596,"10310"
"Joakim Soria","ARI","RP",274.239990234375,62,25.8101734627633,-4.833279801341058,-5.307749629145917,-18.318353037569,-2.6492090052926387,20.198196636332707,18.548987631040067,"6941"
"Jose Berrios","MIN","SP",81.48999786376953,174,-10.2587271811123,-25.276751545537294,-13.36784866468214,15.408309174167,-33.49501821716474,50.9927696608147,18.497751443649964,"14168"
"Drew Pomeranz","SDP","RP",231.3000030517578,56,16.4008950339262,4.3016223357011745,-7.413685884236889,-16.527556813937,-3.2387253285464928,20.198196636332707,17.959471307786213,"11426"
"Giovanny Gallegos","STL","RP",258.6000061035156,63,-2.41766182374803,7.562454791626173,6.885967029344509,-15.632158702121,-3.6013987048983296,20.198196636332707,17.596797931434377,"14986"
"Pablo Lopez","MIA","SP",130.75999450683594,148,-10.2587271811123,-17.15945173525263,-12.342663337335667,4.066599757831,-35.69424249586958,50.9927696608147,16.298527164945117,"17085"
"Jake McGee","SFG","RP",286.7699890136719,63,11.6962558195076,0.3007756877265585,0.11869429640626614,-17.124488888481,-5.008763084840513,20.198196636332707,16.189433551492197,"7550"
"Matt Barnes","BOS","RP",206.86000061035156,58,27.3783865342362,-3.5844644459126416,-13.478979865478134,-15.632158702121,-5.317216479275588,20.198196636332707,15.88098015705712,"12863"
"Richard Rodriguez","PIT","RP",195.99000549316406,65,22.6737473198176,-7.585311093887269,-4.2547815016004185,-16.826022851209,-5.992368126879054,20.198196636332707,15.205828509453656,"13549"
"Hector Neris","PHI","RP",287.1600036621094,65,19.5373211768719,-7.585311093887269,-5.94659968483498,-14.736760590305,-8.731350192155327,20.198196636332707,12.466846444177381,"11804"
"Trevor May","NYM","RP",527.5900268554688,64,-5.55408796669373,5.434831176794162,3.8533200387238877,-12.945964366673,-9.21190111784867,20.198196636332707,11.986295518484038,"6398"
"Framber Valdez","HOU","SP",267.1099853515625,79,-10.2587271811123,-1.0636461820372851,-16.259112072067108,-13.841362478489,-41.422847913705674,50.9927696608147,10.569921747109031,"17295"
"Amir Garrett","CIN","RP",215.9499969482422,63,21.1055342483448,-6.960903416173056,-11.724032986235663,-13.542896441217,-11.12229859528094,20.198196636332707,10.075898041051769,"14375"
"Alex Wood","SFG","SP",565.1900024414062,89,-10.2587271811123,-7.816524122558114,-11.057400130347576,-13.244430403945,-42.37708183796297,50.9927696608147,9.615687822851733,"13781"
"Keone Kela","SDP","RP",581.1400146484375,58,-8.69051410963944,7.308054209936779,5.131020150102037,-15.333692664849,-11.585132414449609,20.198196636332707,9.6130642218831,"14696"
"Kyle Hendricks","CHC","SP",80.08000183105469,178,-10.2587271811123,-30.156406452915522,-8.580254794819023,6.454328056007,-42.54106037283984,50.9927696608147,9.451709287974861,"12049"
"Trevor Rosenthal","OAK","RP",103.83999633789062,62,30.5148126771819,-4.833279801341058,-23.91774964472609,-13.542896441217,-11.779113210102258,20.198196636332707,9.419083426230452,"10745"
"Kenta Maeda","MIN","SP",48.7400016784668,144,-10.2587271811123,-30.43399458762343,-10.362984474260495,7.94665824236699,-43.10904800062922,50.9927696608147,8.883721660185477,"18498"
"Freddy Peralta","MIL","SP",287.0400085449219,109,-10.2587271811123,-21.322280003599772,-14.188521712785025,2.574269571471,-43.19525932602609,50.9927696608147,8.797510334788615,"18679"
"Patrick Corbin","WSN","SP",134.55999755859375,187,-10.2587271811123,-23.88914212275491,-29.106804977466425,19.885299733247,-43.36937454808664,50.9927696608147,8.62339511272806,"9323"
"Miles Mikolas","STL","SP",531.9099731445312,103,-10.2587271811123,-15.818217418507347,-4.451730685234095,-13.542896441217,-44.071571726070715,50.9927696608147,7.921197934743985,"9803"
"Sean Manaea","OAK","SP",250.50999450683594,152,-10.2587271811123,-25.669946194580675,-9.246887650707109,0.783473347838999,-44.39208767856107,50.9927696608147,7.600681982253637,"15873"
"Blake Treinen","LAD","RP",472.1700134277344,67,-0.849448752275172,9.944478988147564,-5.2446209331380045,-17.721420963025,-13.8710116602906,20.198196636332707,7.3271849760421075,"12572"
"Jordan Romano","TOR","RP",351.739990234375,60,17.9691081053991,-7.839711675576662,-6.009728380842892,-18.019887000297,-13.90021895131748,20.198196636332707,7.297977685015229,"16122"
"Frankie Montas","OAK","SP",160.9600067138672,142,-10.2587271811123,-18.91706825405982,-19.524054142130296,3.768133720559,-44.931715856743416,50.9927696608147,7.061053804071291,"14309"
"Marcus Stroman","NYM","SP",193.58999633789062,163,-10.2587271811123,-9.134570886284827,-29.071459081657515,3.469667683287,-44.995089465767634,50.9927696608147,6.997680195047069,"13431"
"Max Fried","ATL","SP",69.63999938964844,144,-10.2587271811123,-8.64895727592459,-30.664802673075222,4.365065795103,-45.20742133500911,50.9927696608147,6.7853483258055975,"13743"
"Garrett Crochet","CHW","RP",999,53,-10.2587271811123,10.684493180197194,3.376073270859564,-18.318353037569,-14.516513767624515,20.198196636332707,6.681682868708194,"27463"
"Kohei Arihara","TEX","SP",562.0999755859375,116,-10.2587271811123,-21.692287099624583,-10.039777898611016,-3.991983248513,-45.98277542786089,50.9927696608147,6.009994232953822,"sa3014740"
"Kwang-hyun Kim","STL","SP",338.739990234375,163,-10.2587271811123,-20.02708954213425,-20.61236816548471,3.469667683287,-47.42851720544425,50.9927696608147,4.564252455370453,"27458"
"Anthony Bass","MIA","RP",250.86000061035156,63,24.2419603912905,-6.960903416173056,-13.415851169470221,-21.601479447561,-17.73627364191379,20.198196636332707,3.4619229944189174,"7982"
"Joey Lucchesi","PIT","SP",571.1199951171875,64,-10.2587271811123,-9.088527031005066,-9.6812254271526,-19.512217186657,-48.54069682592694,50.9927696608147,3.452072834887762,"19320"
"Drew Rasmussen","MIL","SP",600.6900024414062,77,-10.2587271811123,-11.331757160172495,-18.652909006998645,-9.66283795668099,-49.90623130496442,50.9927696608147,2.086538355850281,"25385"
"Devin Williams","MIL","RP",182.08999633789062,65,-5.55408796669373,6.938047113911959,-9.330236051304102,-11.453634180313,-19.399911084398862,20.198196636332707,1.7982855519338468,"15816"
"Jake Diekman","OAK","RP",454.0799865722656,67,-3.98587489522088,9.944478988147564,-13.70371184931081,-12.050566254857,-19.795674011241115,20.198196636332707,1.402522625091595,"5003"
"Alex Colome","MIN","RP",167.00999450683594,65,21.1055342483448,-7.585311093887269,-12.713872417773224,-21.004547373017,-20.198196636332707,20.198196636332707,1,"6661"
"Mike Soroka","ATL","SP",184.97000122070312,139,-10.2587271811123,-16.16503696151363,-20.577022269675794,-3.991983248513,-50.9927696608147,50.9927696608147,1,"18383"
"Alex Reyes","STL","RP",385.44000244140625,62,11.6962558195076,-1.2024402493912498,-15.458658728553281,-15.632158702121,-20.59700186055787,20.198196636332707,0.6011947757748386,"15015"
"Emmanuel Clase","CLE","RP",492.1600036621094,60,-0.849448752275172,3.0528069802727593,-2.626092014373769,-20.407615298473,-20.830349084849168,20.198196636332707,0.36784755148354287,"21032"
"Patrick Sandoval","LAA","SP",594.0800170898438,39,-10.2587271811123,-6.729690387502211,-8.305050723957612,-26.376936043913,-51.67040433648509,50.9927696608147,0.3223653243296144,"19447"
"A.J. Puk","OAK","SP",413.7099914550781,98,-10.2587271811123,-12.441778448246943,-24.81667758005674,-6.081245509417,-53.59842871883298,50.9927696608147,-1.6056590580182726,"19343"
"Reyes Moronta","SFG","RP",551.9400024414062,58,6.99161660508909,0.04637510603716574,-13.478979865478134,-16.826022851209,-23.26701100556086,20.198196636332707,-2.0688143692281535,"14966"
"Aaron Bummer","CHW","RP",543.1900024414062,62,-5.55408796669373,9.690078406458172,-8.691385995615038,-19.213751149385,-23.769146705235585,20.198196636332707,-2.5709500689028753,"16258"
"MacKenzie Gore","SDP","SP",999,75,-10.2587271811123,-14.338189034408085,-15.97125139222652,-14.438294553033,-55.00646216077989,50.9927696608147,-3.013692499965183,"sa3005068"
"Austin Adams","SDP","RP",599.9500122070312,40,-10.2587271811123,9.296883757414815,-2.878606798405442,-21.004547373017,-24.8449975951199,20.198196636332707,-3.646800958787189,"13801"
"Drew Smyly","ATL","SP",240.97000122070312,116,-10.2587271811123,-28.953966203524196,-18.498868814783823,1.380405422383,-56.3311567770373,50.9927696608147,-4.338387116222598,"11760"
"Tanner Scott","BAL","RP",433.1199951171875,65,2.28697739067053,3.3072075619621524,-16.097508784242347,-15.035226627577,-25.538550459186652,20.198196636332707,-4.340353822853943,"17586"
"Brusdar Graterol","LAD","RP",536.7000122070312,55,-7.12230103816658,6.4292459505331845,-2.689220710381681,-22.198411522105,-25.580687320120063,20.198196636332707,-4.3824906837873545,"20367"
"Tony Gonsolin","LAD","SP",261.82000732421875,85,-10.2587271811123,-21.09106697492894,-14.153175816976137,-11.155168143041,-56.65813811605835,50.9927696608147,-4.665368455243654,"19388"
"Robbie Ray","TOR","SP",297.7900085449219,158,-10.2587271811123,-31.174008779673095,-39.285496877072816,23.168426143239,-57.54980669461922,50.9927696608147,-5.55703703380452,"11486"
"Josh Lindblom","MIL","SP",350.6099853515625,126,-10.2587271811123,-35.70684414404502,-11.605338689829754,-0.111924763977,-57.68283477896407,50.9927696608147,-5.690065118149363,"7882"
"Trevor Rogers","MIA","SP",416.8599853515625,120,-10.2587271811123,-19.3102629031032,-25.55400222756263,-2.798119099425,-57.921111411203114,50.9927696608147,-5.928341750388412,"22286"
"Rafael Dolis","TOR","RP",542.52001953125,62,3.85519046214339,-1.2024402493912498,-12.07502236208416,-18.019887000297,-27.44215914962901,20.198196636332707,-6.243962513296303,"4185"
"Jordan Montgomery","NYY","SP",234.36000061035156,117,-10.2587271811123,-27.45075026640641,-16.45606125570076,-4.290449285785,-58.45598798900444,50.9927696608147,-6.463218328189746,"16511"
"Chris Flexen","SEA","SP",588.1599731445312,76,-10.2587271811123,-20.096652201189915,-13.92844383314346,-14.438294553033,-58.722117768478654,50.9927696608147,-6.729348107663948,"13896"
"Ross Stripling","TOR","SP",526.8099975585938,108,-10.2587271811123,-26.45633549266739,-14.539511088633525,-7.573575695777,-58.8281494581902,50.9927696608147,-6.8353797973754995,"13273"
"Jordan Hicks","STL","RP",192.41000366210938,56,-10.2587271811123,7.932461887650981,-7.413685884236889,-18.318353037569,-28.05830421526718,20.198196636332707,-6.860107578934473,"19618"
"Vince Velasquez","PHI","SP",583.3200073242188,100,-10.2587271811123,-27.58954433376036,-17.347426095421497,-3.693517211241,-58.88921482153515,50.9927696608147,-6.896445160720448,"11189"
"Corey Knebel","LAD","RP",571.52001953125,59,-8.69051410963944,1.5495910431549627,-6.360717756691391,-15.035226627577,-28.53686745075285,20.198196636332707,-7.338670814420144,"15010"
"Chris Archer","TBR","SP",479.5299987792969,135,-10.2587271811123,-29.439579813884432,-25.364616139538917,5.558929944191,-59.50399319034463,50.9927696608147,-7.511223529529934,"6345"
"Archie Bradley","PHI","RP",251.24000549316406,67,0.718764319197681,-4.578879219651665,-10.320075482841688,-15.930624739393,-30.110815122688656,20.198196636332707,-8.91261848635595,"12918"
"Domingo German","NYY","SP",261,102,-10.2587271811123,-31.844791563424383,-13.2618109772554,-5.782779472145,-61.14810919393707,50.9927696608147,-9.155339533122365,"17149"
"A.J. Minter","ATL","RP",565.97998046875,60,-5.55408796669373,-0.5780325716770478,-7.701546564077453,-16.826022851209,-30.659689953657217,20.198196636332707,-9.461493317324507,"18655"
"Logan Gilbert","SEA","SP",486.7699890136719,59,-10.2587271811123,-20.23544626854388,-9.744354123160512,-21.303013410289,-61.54154098310567,50.9927696608147,-9.54877132229096,"sa3008598"
"Elieser Hernandez","MIA","SP",225.0399932861328,124,-10.2587271811123,-38.713276018280645,-13.999135624761314,1.081939385111,-61.88919943904324,50.9927696608147,-9.896429778228537,"16933"
"Brent Suter","MIL","RP",571.3099975585938,64,-8.69051410963944,-5.457687479055259,2.161501855489327,-19.213751149385,-31.200450882590353,20.198196636332707,-10.002254246257644,"13942"
"David Robertson",,"RP",600.9199829101562,38,-10.2587271811123,2.6596123312294018,-0.19694918363330705,-23.690741708465,-31.486805741981172,20.198196636332707,-10.288609105648465,"8241"
"Jake Odorizzi","HOU","SP",275.010009765625,138,-10.2587271811123,-39.45329021033029,-17.544375279055174,4.663531832375,-62.592860838122746,50.9927696608147,-10.600091177308043,"6397"
"Nate Pearson","TOR","SP",305.0299987792969,110,-10.2587271811123,-27.080743170381577,-20.604805069874768,-4.887381360329,-62.831656781697625,50.9927696608147,-10.838887120882925,"20160"
"Yimi Garcia","MIA","RP",426.9200134277344,63,0.718764319197681,-10.591742968122864,-3.2649420700628555,-18.915285112113,-32.05320583110102,20.198196636332707,-10.855009194768312,"12095"
"Jose Alvarado","PHI","RP",502.6199951171875,58,-2.41766182374803,0.04637510603716574,-13.478979865478134,-16.229090776665,-32.07935735985398,20.198196636332707,-10.88116072352127,"17780"
"Nathan Eovaldi","BOS","SP",257.5400085449219,125,-10.2587271811123,-33.57922052921302,-18.7236007986165,-0.410390801248999,-62.971939310190805,50.9927696608147,-10.9791696493761,"9132"
"Ryan Yarbrough","TBR","SP",260.4200134277344,137,-10.2587271811123,-33.69482704354846,-14.51172828843455,-5.185847397601,-63.651129910696284,50.9927696608147,-11.658360249881587,"16502"
"Adrian Morejon","SDP","RP",556.030029296875,57,-10.2587271811123,2.173998720869165,-7.062696508388389,-18.318353037569,-33.4657780062005,20.198196636332707,-12.267581369867793,"20039"
"Andrew Kittredge","TBR","RP",999,46,-7.12230103816658,0.16198162037258224,-2.4644887265490305,-24.287673783009,-33.71248192735201,20.198196636332707,-12.5142852910193,"12828"
"Dellin Betances","NYM","RP",600.1599731445312,58,-7.12230103816658,0.04637510603716574,-11.787161682243575,-15.333692664849,-34.196780279221976,20.198196636332707,-12.998583642889269,"6216"
"David Peterson","NYM","SP",999,103,-10.2587271811123,-15.818217418507347,-28.137185250517952,-10.856702105769,-65.07083195590657,50.9927696608147,-13.078062295091872,"20302"
"Mark Melancon","SDP","RP",251.85000610351562,62,-2.41766182374803,-1.2024402493912498,-8.691385995615038,-22.198411522105,-34.509899590859305,20.198196636332707,-13.311702954526591,"4264"
"Spencer Howard",,"SP",999,67,-10.2587271811123,-22.733076979400703,-15.395530032545372,-17.124488888481,-65.51182308153935,50.9927696608147,-13.51905342072464,"23252"
"Matthew Manning","DET","SP",999,43,-10.2587271811123,-15.24018484683024,-13.668365953501883,-26.376936043913,-65.54421402535739,50.9927696608147,-13.551444364542686,"sa917924"
"Tim Hill","SDP","RP",999,53,-10.2587271811123,3.4228140762975796,-5.083017645313242,-23.093809633921,-35.01274038404893,20.198196636332707,-13.814543747716225,"16814"
"Shohei Ohtani","LAA","SP",163.5500030517578,96,-10.2587271811123,-22.70988942638215,-27.21047451498827,-5.782779472145,-65.9618705946277,50.9927696608147,-13.969100933812998,"19755"
"Phil Maton","CLE","RP",600.1300048828125,58,-10.2587271811123,-3.5844644459126416,-3.328070766070768,-18.019887000297,-35.191149393392685,20.198196636332707,-13.992952757059975,"18064"
"Matthew Boyd","DET","SP",314.4700012207031,166,-10.2587271811123,-51.825837250278944,-17.86758185470465,13.915978987807,-66.03616729828889,50.9927696608147,-14.043397637474179,"15440"
"Tyler Beede","SFG","SP",600.9199829101562,39,-10.2587271811123,-13.991369491401827,-15.072323456895855,-26.973868118457,-66.29628824786694,50.9927696608147,-14.30351858705224,"16981"
"Dylan Bundy","LAA","SP",119.76000213623047,171,-10.2587271811123,-55.20227622053937,-14.42081679222764,13.319046913263,-66.5627732806163,50.9927696608147,-14.570003619801604,"12917"
"Tyler Duffey","MIN","RP",576.9000244140625,62,-7.12230103816658,-8.464119353290865,-1.9241132626767943,-18.318353037569,-35.82888669170323,20.198196636332707,-14.630690055370522,"13758"
"Aaron Loup","NYM","RP",600.9099731445312,52,-10.2587271811123,1.9195981391797832,-5.434007021161741,-22.198411522105,-35.97154758519923,20.198196636332707,-14.77335094886652,"10343"
"Adam Ottavino","BOS","RP",372.1000061035156,66,3.85519046214339,-6.082095156769461,-20.821973958097526,-13.244430403945,-36.29330905666859,20.198196636332707,-15.095112420335887,"1247"
"Rich Hill","TBR","SP",494,101,-10.2587271811123,-29.717167948592383,-18.688254902807557,-8.76743984486499,-67.43158987737723,50.9927696608147,-15.438820216562533,"4806"
"Craig Stammen","SDP","RP",600.9500122070312,46,-10.2587271811123,0.16198162037258224,-0.7726705433144694,-25.780003969369,-36.64942007342315,20.198196636332707,-15.45122343709044,"7274"
"Ian Anderson","ATL","SP",97.9000015258789,130,-10.2587271811123,-22.43230129167422,-40.65410848465785,5.85739598146299,-67.48774097598137,50.9927696608147,-15.494971315166666,"19951"
"Joely Rodriguez","TEX","RP",584.4299926757812,58,2.28697739067053,-7.215303997862449,-11.787161682243575,-20.109149261201,-36.824637550636474,20.198196636332707,-15.626440914303767,"11487"
"Matt Wisler","SFG","RP",591.280029296875,62,-3.98587489522088,-8.464119353290865,-5.307749629145917,-19.213751149385,-36.97149502704265,20.198196636332707,-15.77329839070994,"12804"
"Pierce Johnson","SDP","RP",599.3099975585938,57,-10.2587271811123,-1.4568408310806427,-7.062696508388389,-18.616819074841,-37.39508359542231,20.198196636332707,-16.196886959089596,"13435"
"Josh Fleming","TBR","SP",556.3499755859375,70,-10.2587271811123,-18.2234291680473,-16.034380088234432,-23.690741708465,-68.207278145859,50.9927696608147,-16.21450848504429,"20418"
"Logan Webb","SFG","SP",554.52001953125,114,-10.2587271811123,-17.437039869960582,-32.73539303235731,-7.87204173304899,-68.30320181647917,50.9927696608147,-16.310432155664472,"17995"
"Anthony DeSclafani","SFG","SP",479.0199890136719,143,-10.2587271811123,-35.568050076691044,-24.24851931598548,1.380405422383,-68.69489115140581,50.9927696608147,-16.70212149059111,"13050"
"Daniel Norris","DET","SP",598.3099975585938,79,-8.69051410963944,-26.479523045685934,-17.950930255301667,-15.930624739393,-69.05159215002003,50.9927696608147,-17.058822489205323,"13475"
"Jonathan Loaisiga","NYY","RP",591.239990234375,60,-10.2587271811123,-4.208872123626856,-6.009728380842892,-18.019887000297,-38.497214685879015,20.198196636332707,-17.29901804954631,"19753"
"Chris Bassitt","OAK","SP",191.17999267578125,146,-10.2587271811123,-34.68924181728748,-24.88736937167459,0.485007310566999,-69.35033105950735,50.9927696608147,-17.35756139869265,"12304"
"Genesis Cabrera","STL","RP",599.8900146484375,50,3.85519046214339,-8.348512838955436,-12.903258505796973,-21.303013410289,-38.699594292898006,20.198196636332707,-17.501397656565295,"17490"
"Cody Reed","TBR","RP",999,40,-10.2587271811123,2.0352046535152,-6.262243164874565,-24.586139820281,-39.07190551275263,20.198196636332707,-17.87370887641992,"15232"
"David Phelps","TOR","RP",600.22998046875,64,-7.12230103816658,-5.457687479055259,-9.6812254271526,-16.826022851209,-39.087236795583436,20.198196636332707,-17.889040159250726,"6316"
"Matt Strahm","SDP","RP",600.8800048828125,44,-10.2587271811123,-2.8444502538630227,-1.4746492950114565,-24.884605857553,-39.46243258753975,20.198196636332707,-18.26423595120704,"13799"
"Mike Minor","KCR","SP",308.05999755859375,176,-10.2587271811123,-47.686196534950376,-21.124960829157946,8.54359031691099,-70.52629422830961,50.9927696608147,-18.533524567494908,"10021"
"Alex Young","ARI","SP/RP",600.6799926757812,49,-10.2587271811123,-20.744247431922666,-14.946066064880034,-24.586139820281,-70.53518049819597,50.9927696608147,-18.54241083738127,"18333"
"Ty Buttrey","LAA","RP",594.8800048828125,60,-8.69051410963944,-4.208872123626856,-7.701546564077453,-19.512217186657,-40.113149984000735,20.198196636332707,-18.91495334766802,"14719"
"Adrian Houser","MIL","SP",547.010009765625,116,-10.2587271811123,-25.323126651574388,-28.64977791419118,-6.678177583961,-70.90980933083887,50.9927696608147,-18.91703967002416,"12718"
"Victor Gonzalez","LAD","RP",598.7100219726562,62,-10.2587271811123,-1.2024402493912498,-8.691385995615038,-20.109149261201,-40.261702687319556,20.198196636332707,-19.06350605098685,"16408"
"Tyler Rogers","SFG","RP",583.8400268554688,63,2.28697739067053,-3.3300638642232494,-16.799487535939342,-22.795343596649,-40.637917606141045,20.198196636332707,-19.439720969808334,"15541"
"Austin Voth","WSN","SP",598.780029296875,56,-10.2587271811123,-24.745094079897285,-14.180958617175133,-22.496877559377,-71.68165743756168,50.9927696608147,-19.688887776746984,"15047"
"Stefan Crichton","ARI","RP",329.42999267578125,63,5.42340353361624,-10.591742968122864,-15.107669352704784,-20.706081335745,-40.98209012295639,20.198196636332707,-19.783893486623686,"16058"
"Richard Bleier","MIA","RP",999,59,-8.69051410963944,1.5495910431549627,-8.052535939925953,-26.675402081185,-41.8688610875954,20.198196636332707,-20.670664451262695,"7803"
"Braxton Garrett","MIA","SP",599.7999877929688,67,-10.2587271811123,-15.471397875501086,-27.238257315187298,-19.810683223929,-72.77906559572965,50.9927696608147,-20.786295934914946,"21844"
"Lucas Sims","CIN","RP",454.239990234375,63,0.718764319197681,-17.853422072022475,-11.724032986235663,-13.542896441217,-42.401587180277446,20.198196636332707,-21.203390543944735,"13470"
"Eric Lauer","MIL","SP",600.3800048828125,55,-10.2587271811123,-22.617470465065274,-17.91558435949273,-22.496877559377,-73.28865956504727,50.9927696608147,-21.295889904232574,"19316"
"Mike Mayers","LAA","RP",563.6500244140625,66,-3.98587489522088,-13.343774260669075,-8.9792466754556,-16.527556813937,-42.83645264528254,20.198196636332707,-21.63825600894984,"15451"
"Andrew Chafin","CHC","RP",999,62,-10.2587271811123,-4.833279801341058,-10.3832041788496,-17.422954925753,-42.898166087055934,20.198196636332707,-21.69996945072322,"12988"
"Griffin Canning","LAA","SP",303.1700134277344,130,-10.2587271811123,-40.58649905142326,-23.735926652312248,0.783473347838999,-73.79767953700878,50.9927696608147,-21.80490987619408,"19867"
"Jameson Taillon","NYY","SP",189.14999389648438,134,-10.2587271811123,-41.835314406851666,-18.94833278244917,-2.798119099425,-73.84049346983812,50.9927696608147,-21.847723809023414,"11674"
"Eduardo Rodriguez","BOS","SP",209.25999450683594,163,-10.2587271811123,-38.18128730188329,-37.53054999783031,12.125182764175,-73.8453817166509,50.9927696608147,-21.8526120558362,"13164"
"Daniel Bard","COL","RP",263.3299865722656,63,25.8101734627633,-25.115101175922096,-26.95039663534671,-16.826022851209,-43.081347199714465,20.198196636332707,-21.883150563381754,"7115"
"Nick Wittgren","CLE","RP",444.0799865722656,66,0.718764319197681,-16.97461381261888,-8.9792466754556,-18.019887000297,-43.25498316917379,20.198196636332707,-22.056786532841084,"15594"
"Sean Doolittle","CIN","RP",567.1699829101562,58,-2.41766182374803,-18.10782265371187,-3.328070766070768,-19.512217186657,-43.36577243018764,20.198196636332707,-22.167575793854933,"1581"
"Darren O'Day","NYY","RP",600.969970703125,62,-8.69051410963944,-12.094958905240672,-5.307749629145917,-17.422954925753,-43.51617756977901,20.198196636332707,-22.317980933446307,"3321"
"Jaime Barria","LAA","SP",598.52001953125,51,-10.2587271811123,-28.630334213536482,-10.860450946713925,-24.586139820281,-74.33565216164368,50.9927696608147,-22.342882500828978,"18356"
"Daniel Ponce de Leon","STL","SP",550.6400146484375,82,-10.2587271811123,-25.60071478628234,-27.048871227163538,-11.453634180313,-74.36194737487115,50.9927696608147,-22.369177714056445,"16110"
"Miguel Castro","NYM","RP",999,62,-10.2587271811123,-1.2024402493912498,-13.766840545318722,-18.616819074841,-43.84482705066325,20.198196636332707,-22.646630414330538,"15684"
"Deivi Garcia","NYY","SP",397.2900085449219,79,-10.2587271811123,-30.110362597635746,-21.33456662177079,-12.945964366673,-74.6496207671918,50.9927696608147,-22.656851106377104,"20276"
"Marco Gonzales","SEA","SP",178.22999572753906,176,-10.2587271811123,-44.055356983000564,-24.508597195627075,4.066599757831,-74.75608160190892,50.9927696608147,-22.763311941094212,"15467"
"Yusmeiro Petit","OAK","RP",596.5900268554688,70,-10.2587271811123,-14.592589616097492,0.8838017441111772,-20.109149261201,-44.076664314299585,20.198196636332707,-22.878467677966874,"4020"
"Trent Thornton","TOR","SP",600.8900146484375,73,-10.2587271811123,-28.23713956449313,-18.365048327158078,-18.019887000297,-74.88080207306048,50.9927696608147,-22.888032412245785,"17948"
"Andrew Miller","STL","RP",592.760009765625,63,-5.55408796669373,-6.960903416173056,-13.415851169470221,-18.318353037569,-44.249195589905995,20.198196636332707,-23.050998953573284,"6785"
"Ian Kennedy","TEX","RP",544.1300048828125,40,-3.98587489522088,-8.857314002334222,-6.262243164874565,-25.183071894825,-44.28850395725464,20.198196636332707,-23.090307320921934,"6986"
"Scott Barlow","KCR","RP",562.1900024414062,65,-8.69051410963944,-7.585311093887269,-12.713872417773224,-15.333692664849,-44.32339028614892,20.198196636332707,-23.12519364981621,"14993"
"Sam Selman","SFG","RP",999,50,-10.2587271811123,-4.717673287005629,-9.519622139327849,-20.109149261201,-44.60517186864675,20.198196636332707,-23.406975232314043,"13397"
"Kevin Ginkel","ARI","RP",598.27001953125,60,-8.69051410963944,-7.839711675576662,-12.777001113781138,-15.333692664849,-44.640919563846225,20.198196636332707,-23.442722927513522,"19876"
"Cody Ponce","PIT","SP",600.6799926757812,42,-10.2587271811123,-20.374240335897845,-17.402991695819495,-27.570800193001,-75.6067594058306,50.9927696608147,-23.613989745015903,"17920"
"Joe Smith","HOU","RP",600.9099731445312,57,-10.2587271811123,-8.718519934980257,-3.6790601419192677,-22.198411522105,-44.8547187801168,20.198196636332707,-23.65652214378409,"3281"
"German Marquez","COL","SP",190.5800018310547,186,-10.2587271811123,-50.80823492352137,-34.53324890301861,19.885299733247,-75.71491127440528,50.9927696608147,-23.722141613590576,"15038"
"Brent Honeywell","TBR","SP",999,43,-10.2587271811123,-18.87102439878005,-18.743820503205566,-28.167732267545,-76.04130435064287,50.9927696608147,-24.04853468982818,"sa828706"
"Adam Kolarek","OAK","RP",600.7999877929688,53,-10.2587271811123,-0.20802547565222707,-8.466654011782364,-26.376936043913,-45.31034271245986,20.198196636332707,-24.112146076127146,"10843"
"Joe Kelly","LAD","RP",600.2899780273438,44,-10.2587271811123,0.7863892980867841,-11.625558394418823,-24.287673783009,-45.3855700604533,20.198196636332707,-24.18737342412059,"9761"
"Josh James","HOU","RP",600.0599975585938,45,-10.2587271811123,-4.9720738686950225,-9.582750835335762,-20.706081335745,-45.51963322088805,20.198196636332707,-24.321436584555343,"16794"
"J.B. Wendelken","OAK","RP",583.8300170898438,59,-10.2587271811123,-5.7120880607446525,-9.744354123160512,-19.810683223929,-45.525852588946435,20.198196636332707,-24.327655952613732,"14506"
"Brandon Workman","CHC","RP",563,58,-7.12230103816658,-7.215303997862449,-13.478979865478134,-17.721420963025,-45.53800586453215,20.198196636332707,-24.339809228199446,"11428"
"Corbin Martin","ARI","SP",588.0399780273438,70,-10.2587271811123,-25.485108271946913,-22.801652821172674,-18.019887000297,-76.56537527452885,50.9927696608147,-24.572605613714153,"19884"
"Tanner Rainey","WSN","RP",492.20001220703125,62,3.85519046214339,-12.094958905240672,-25.609567827960646,-12.050566254857,-45.899902525914925,20.198196636332707,-24.701705889582215,"17610"
"Yusei Kikuchi","SEA","SP",289.760009765625,151,-10.2587271811123,-38.0656807875479,-31.5915134086049,3.171201646015,-76.74471973125009,50.9927696608147,-24.75195007043538,"20633"
"Luke Weaver","ARI","SP",502.3299865722656,126,-10.2587271811123,-42.96852324794464,-23.44806597247168,-0.111924763977,-76.7872411655056,50.9927696608147,-24.794471504690904,"16918"
"Felix Pena","LAA","RP",600.9099731445312,58,-8.69051410963944,-10.846143549812258,-6.711707132539891,-19.810683223929,-46.059048015920574,20.198196636332707,-24.86085137958786,"13403"
"Tyler Mahle","CIN","SP",172.00999450683594,138,-10.2587271811123,-43.08412976228009,-29.3871025616971,5.85739598146299,-76.87256352362648,50.9927696608147,-24.87979386281177,"16358"
"Tyler Matzek","ATL","RP",594.1599731445312,58,-8.69051410963944,-3.5844644459126416,-18.554434415181817,-15.333692664849,-46.16310563558289,20.198196636332707,-24.964908999250177,"10058"
"Collin McHugh","TBR","RP",599.0599975585938,66,-8.69051410963944,-9.712934708719269,-10.671064858690164,-17.124488888481,-46.19900256552987,20.198196636332707,-25.00080592919715,"7531"
"Dylan Floro","MIA","RP",598.22998046875,64,-5.55408796669373,-5.457687479055259,-13.064861793621724,-22.496877559377,-46.57351479874769,20.198196636332707,-25.37531816241498,"13394"
"Kolby Allard",,"SP",600.4400024414062,47,-10.2587271811123,-23.75067930615826,-17.339862999811583,-26.078470006641,-77.42773949372311,50.9927696608147,-25.434969832908408,"18694"
"Connor Brogdon","PHI","RP",599.6199951171875,56,-10.2587271811123,-10.221735872098055,-9.10550406747145,-17.422954925753,-47.00892204643478,20.198196636332707,-25.81072541010207,"21205"
"Brandon Bielak","HOU","SP/RP",999,39,-10.2587271811123,-21.25304859530144,-18.45595982336498,-27.869266230273,-77.83700183005169,50.9927696608147,-25.84423216923698,"19866"
"Jonathan Brubaker","PIT","SP",539.9500122070312,117,-10.2587271811123,-27.45075026640641,-33.37424308804636,-6.97664362123299,-78.06036415679804,50.9927696608147,-26.06759449598335,"17578"
"Daulton Jefferies","OAK","RP",567.239990234375,56,-10.2587271811123,-10.221735872098055,-4.030049517767767,-22.795343596649,-47.30585616762709,20.198196636332707,-26.107659531294388,"19345"
"Tarik Skubal","DET","SP",315.05999755859375,115,-10.2587271811123,-41.349700796491426,-25.617130923570567,-1.007322875793,-78.23288177696729,50.9927696608147,-26.240112116152577,"22267"
"Ryan Brasier","BOS","RP",600.9000244140625,46,-10.2587271811123,-7.099697483527032,-5.848125093018153,-24.287673783009,-47.494223540666454,20.198196636332707,-26.296026904333743,"5615"
"Luis Garcia","HOU","SP",589.8300170898438,47,-10.2587271811123,-20.119839754208453,-24.107135732749825,-23.989207745737,-78.47491041380755,50.9927696608147,-26.482140752992848,"23735"
"Jacob Barnes","NYM","RP",999,38,-10.2587271811123,-4.602066772670213,-6.964221916571551,-26.078470006641,-47.903485876995035,20.198196636332707,-26.705289240662324,"12323"
"James Hoyt","MIA","RP",600.760009765625,53,-10.2587271811123,-3.838865027602034,-11.850290378251486,-22.198411522105,-48.146294109070794,20.198196636332707,-26.94809747273808,"14605"
"Trevor Cahill","PIT","SP",598.1400146484375,77,-10.2587271811123,-25.855115367971724,-25.420181739936886,-17.422954925753,-78.95697921477388,50.9927696608147,-26.96420955395919,"6249"
"Evan Marshall","CHW","RP",599.3099975585938,60,-10.2587271811123,-4.208872123626856,-12.777001113781138,-21.303013410289,-48.54761382880926,20.198196636332707,-27.349417192476555,"12297"
"Greg Holland","KCR","RP",218.00999450683594,58,14.8326819624534,-18.10782265371187,-25.321707148120062,-20.109149261201,-48.705997100579566,20.198196636332707,-27.50780046424686,"7196"
"Jimmy Nelson","LAD","RP",598.760009765625,54,-10.2587271811123,-5.9664886424340455,-11.499301002402985,-21.004547373017,-48.729064198966306,20.198196636332707,-27.530867562633595,"10547"
"Ryne Stanek","HOU","RP",600.7999877929688,48,-10.2587271811123,-7.724105161241234,-10.221600891024837,-20.706081335745,-48.91051456912334,20.198196636332707,-27.712317932790633,"15947"
"Zach Eflin","PHI","SP",187.22999572753906,166,-10.2587271811123,-51.825837250278944,-26.326672770877458,8.54359031691099,-79.86764688535769,50.9927696608147,-27.874877224542978,"13774"
"Rowan Wick","CHC","RP",571.719970703125,50,-3.98587489522088,-8.348512838955436,-14.595076689031533,-22.198411522105,-49.12787594531283,20.198196636332707,-27.929679308980123,"14646"
"Oliver Perez","CLE","RP",999,52,-10.2587271811123,-8.972920516669639,-7.1258252043963015,-22.795343596649,-49.15281649882721,20.198196636332707,-27.954619862494493,"1514"
"Brad Wieck","CHC","RP",999,36,-10.2587271811123,-7.608498646905806,-5.974382485033978,-25.481537932097,-49.323146245149054,20.198196636332707,-28.124949608816344,"16390"
"Jose Alvarez","SFG","RP",999,44,-10.2587271811123,-2.8444502538630227,-9.933740211184261,-26.376936043913,-49.41385369007256,20.198196636332707,-28.215657053739847,"5358"
"Codi Heuer","CHW","RP",599.2100219726562,58,-10.2587271811123,-7.215303997862449,-10.095343499009013,-21.899945484833,-49.469320162816736,20.198196636332707,-28.271123526484022,"23293"
"Hunter Harvey","BAL","RP",456.1600036621094,38,3.85519046214339,-15.494585428519633,-10.347858283040672,-27.570800193001,-49.5580534424179,20.198196636332707,-28.35985680608519,"15507"
"Jose Urquidy","HOU","SP",193.8300018310547,117,-10.2587271811123,-45.60494802615545,-18.14787943893532,-6.678177583961,-80.68973223016405,50.9927696608147,-28.696962569349346,"18413"
"Jakob Junis","KCR","SP",592.8599853515625,96,-10.2587271811123,-37.23324763418139,-20.443201782050032,-12.945964366673,-80.8811409640167,50.9927696608147,-28.88837130320199,"13619"
"Taijuan Walker","NYM","SP",275.92999267578125,138,-10.2587271811123,-35.82245065838047,-34.462557111400784,-0.410390801248999,-80.95412575214255,50.9927696608147,-28.961356091327836,"11836"
"Justin Wilson","NYY","RP",600.8200073242188,58,-8.69051410963944,-7.215303997862449,-16.862616231947257,-17.422954925753,-50.191389265202126,20.198196636332707,-28.99319262886942,"4301"
"Joe Jimenez","DET","RP",578.6199951171875,48,-3.98587489522088,-14.985784265140849,-8.529782707790275,-23.093809633921,-50.595251502072976,20.198196636332707,-29.397054865740273,"15761"
"Rick Porcello",,"SP",595.97998046875,112,-10.2587271811123,-42.22850905589502,-19.902826318177823,-9.06590588213699,-81.45596843732213,50.9927696608147,-29.46319877650742,"2717"
"Shane Greene",,"RP",599.260009765625,44,-10.2587271811123,-6.47528980581283,-8.241922027949702,-25.780003969369,-50.755942984243795,20.198196636332707,-29.557746347911085,"10756"
"David Bednar","PIT","RP",597.5700073242188,58,-3.98587489522088,-10.846143549812258,-16.862616231947257,-19.512217186657,-51.206851863637375,20.198196636332707,-30.008655227304665,"19569"
"Reynaldo Lopez",,"SP",598.5800170898438,79,-10.2587271811123,-33.74120214958555,-21.33456662177079,-16.826022851209,-82.16051880367762,50.9927696608147,-30.167749142862906,"16400"
"Luke Jackson","ATL","RP",600.510009765625,50,-10.2587271811123,-4.717673287005629,-14.595076689031533,-22.198411522105,-51.76988867925443,20.198196636332707,-30.57169204292172,"11752"
"Tyler Clippard","ARI","RP",599.1400146484375,38,-10.2587271811123,-11.863745876569826,-3.5805855501024295,-26.376936043913,-52.079994651697525,20.198196636332707,-30.881798015364815,"5640"
"Erik Swanson",,"RP",999,38,-10.2587271811123,-11.863745876569826,-3.5805855501024295,-26.376936043913,-52.079994651697525,20.198196636332707,-30.881798015364815,"16587"
"Drew Steckenrider","SEA","RP",999,50,-10.2587271811123,-11.979352390905243,-9.519622139327849,-20.407615298473,-52.16531700981836,20.198196636332707,-30.96712037348566,"18806"
"Nick Neidert","MIA","SP",999,53,-10.2587271811123,-25.62390233930088,-22.00119947765885,-25.183071894825,-83.06690089289701,50.9927696608147,-31.0741312320823,"18699"
"Tejay Antone","CIN","SP",311.1099853515625,115,-10.2587271811123,-34.08802169259181,-34.07622183974337,-4.887381360329,-83.31035207377646,50.9927696608147,-31.317582412961762,"16233"
"Paul Fry","BAL","RP",999,58,-8.69051410963944,-7.215303997862449,-16.862616231947257,-20.109149261201,-52.87758360065012,20.198196636332707,-31.67938696431741,"15832"
"Jesse Hahn","KCR","RP",598.0800170898438,56,2.28697739067053,-13.852575424047862,-19.25641316687882,-22.496877559377,-53.318888759633126,20.198196636332707,-32.120692123300415,"13287"
"Jace Fry","CHW","RP",999,44,-7.12230103816658,-6.47528980581283,-16.701012944122507,-23.093809633921,-53.392413422022905,20.198196636332707,-32.194216785690195,"16159"
"Triston McKenzie","CLE","SP",194.3300018310547,117,-10.2587271811123,-49.23578757810525,-23.223333988639006,-1.604254950337,-84.32210369819354,50.9927696608147,-32.32933403737884,"18000"
"Sergio Romo","OAK","RP",595.7100219726562,63,-5.55408796669373,-17.853422072022475,-10.032214803001102,-20.109149261201,-53.54887410291829,20.198196636332707,-32.35067746658559,"9817"
"Michael Lorenzen","CIN","SP",517.3900146484375,115,-10.2587271811123,-34.08802169259181,-35.76804002297793,-4.290449285785,-84.40523818246702,50.9927696608147,-32.412468521652315,"14843"
"Kyle Wright",,"SP",551.22998046875,73,-10.2587271811123,-28.23713956449313,-28.515957426565443,-17.422954925753,-84.43477909792385,50.9927696608147,-32.44200943710915,"19665"
"Ryan Thompson","TBR","RP",999,64,-3.98587489522088,-12.719366582954873,-14.756679976856285,-22.198411522105,-53.66033297713702,20.198196636332707,-32.462136340804314,"16647"
"Michael Pineda","MIN","SP",231.33999633789062,154,-10.2587271811123,-55.341070287893324,-22.079454364886598,3.171201646015,-84.5080501878772,50.9927696608147,-32.51528052706251,"5372"
"Kris Bubic","KCR","SP",999,102,-10.2587271811123,-31.844791563424383,-31.87181099283557,-10.558236068497,-84.53356580586922,50.9927696608147,-32.54079614505452,"21455"
"Chaz Roe","TBR","RP",999,58,-8.69051410963944,-10.846143549812258,-15.170798048712696,-19.512217186657,-54.21967289482138,20.198196636332707,-33.021476258488676,"9866"
"Garrett Richards","BOS","SP",473.32000732421875,106,-10.2587271811123,-36.7244464708026,-30.46785348944157,-7.573575695777,-85.02460283713344,50.9927696608147,-33.03183317631874,"9784"
"Josh Sborz","TEX","RP",999,58,-7.12230103816658,-14.476983101762064,-13.478979865478134,-19.213751149385,-54.29201515479178,20.198196636332707,-33.09381851845906,"18323"
"Tyler Webb","STL","RP",999,59,-10.2587271811123,-9.34292761269446,-13.127990489629635,-21.601479447561,-54.33112473099737,20.198196636332707,-33.132928094664656,"14974"
"Jeff Hoffman","CIN","SP",599.1599731445312,80,-10.2587271811123,-35.86882576441755,-26.05903179562597,-12.945964366673,-85.1325491078288,50.9927696608147,-33.139779447014085,"17432"
"Tyler Chatwood","TOR","SP",598.030029296875,78,-3.98587489522088,-27.98273898280372,-38.60373782996488,-14.736760590305,-85.30911229829447,50.9927696608147,-33.316342637479764,"4338"
"Josh Taylor","BOS","RP",999,56,-8.69051410963944,-10.221735872098055,-15.872776800409696,-19.810683223929,-54.59571000607616,20.198196636332707,-33.39751336974346,"17359"
"Matt Bush","TEX","RP",565.280029296875,61,3.85519046214339,-20.859853946258085,-17.50146628763632,-20.109149261201,-54.615279032952,20.198196636332707,-33.4170823966193,"1246"
"Grant Dayton","ATL","RP",999,44,-10.2587271811123,-13.736968909712445,-8.241922027949702,-23.093809633921,-55.33142775269541,20.198196636332707,-34.13323111636271,"11203"
"Keynan Middleton","SEA","RP",600.3900146484375,56,-10.2587271811123,-10.221735872098055,-15.872776800409696,-19.512217186657,-55.865457040277015,20.198196636332707,-34.66726040394431,"15264"
"Michael Kopech","CHW","SP",400.79998779296875,94,-10.2587271811123,-32.97800040451736,-34.679725999623514,-8.76743984486499,-86.68389343011818,50.9927696608147,-34.69112376930346,"17282"
"Lou Trivino","OAK","RP",599.239990234375,62,-10.2587271811123,-8.464119353290865,-17.150476911787845,-20.109149261201,-55.98247270739198,20.198196636332707,-34.784276071059274,"15043"
"Dennis Santana","LAD","RP",600.4099731445312,43,-10.2587271811123,-11.609345294880434,-10.284729587032762,-23.989207745737,-56.14200980876247,20.198196636332707,-34.94381317242975,"17878"
"Cole Hamels",,"SP",596.9000244140625,91,-10.2587271811123,-33.85680866392095,-28.965421394230766,-14.139828515761,-87.22078575502499,50.9927696608147,-35.22801609421029,"4972"
"Brett Martin","TEX","RP",999,48,-10.2587271811123,-7.724105161241234,-13.605237257493958,-24.884605857553,-56.47267545740047,20.198196636332707,-35.27447882106775,"17369"
"Pedro Baez","HOU","RP",596.3300170898438,60,-8.69051410963944,-15.101390779476278,-12.777001113781138,-20.109149261201,-56.678055264097836,20.198196636332707,-35.479858627765125,"5420"
"Ryan Helsley","STL","RP",600.6900024414062,58,-5.55408796669373,-14.476983101762064,-16.862616231947257,-20.109149261201,-57.00283656160404,20.198196636332707,-35.80463992527133,"18138"
"Sam Howard","PIT","RP",999,42,-10.2587271811123,-9.481721680048423,-12.32753714611581,-25.183071894825,-57.25105790210151,20.198196636332707,-36.0528612657688,"16265"
"Anthony Misiewicz","SEA","RP",600.8200073242188,62,-7.12230103816658,-19.356638009140287,-10.3832041788496,-20.407615298473,-57.26975852462945,20.198196636332707,-36.07156188829674,"18152"
"Hyun-jong Yang","TEX","RP",999,42,-10.2587271811123,-13.11256123199823,-8.943900779646686,-25.183071894825,-57.49826108758219,20.198196636332707,-36.30006445124948,"sa3012054"
"Sam Coonrod","PHI","RP",999,40,-10.2587271811123,-8.857314002334222,-13.029515897812807,-25.481537932097,-57.627095013356296,20.198196636332707,-36.428898377023586,"17264"
"Chris Devenski","ARI","RP",599.7100219726562,56,-10.2587271811123,-17.48341497599767,-9.10550406747145,-21.004547373017,-57.852193597598394,20.198196636332707,-36.65399696126568,"12763"
"Ryan Tepera","CHC","RP",599.280029296875,54,-8.69051410963944,-13.228167746333659,-14.882937368872106,-21.303013410289,-58.10463263513419,20.198196636332707,-36.90643599880148,"10291"
"Ray Black","MIL","RP",600.9000244140625,42,-10.2587271811123,-13.11256123199823,-12.32753714611581,-22.496877559377,-58.195703118603305,20.198196636332707,-36.9975064822706,"14244"
"Taylor Clarke","ARI","SP",600.6799926757812,74,-10.2587271811123,-33.99560273127493,-26.473149867482384,-18.318353037569,-89.04583281743858,50.9927696608147,-37.05306315662388,"17611"
"Wander Suero","WSN","RP",999,60,-8.69051410963944,-15.101390779476278,-14.468819297015695,-20.109149261201,-58.3698734473324,20.198196636332707,-37.171676810999685,"15855"
"Hunter Wood","TEX","RP",600.760009765625,36,-10.2587271811123,-11.239338198855615,-9.358018851503099,-27.570800193001,-58.42688442447198,20.198196636332707,-37.228687788139275,"15091"
"Hansel Robles","MIN","RP",599.5900268554688,54,-8.69051410963944,-16.85900729828347,-11.499301002402985,-21.601479447561,-58.650301857886866,20.198196636332707,-37.45210522155416,"11801"
"Shelby Miller","CHC","SP",999,40,-10.2587271811123,-27.01151176208326,-24.872243180454735,-27.570800193001,-89.71328231665125,50.9927696608147,-37.72051265583655,"10197"
"Steven Matz","TOR","SP",545.1500244140625,115,-10.2587271811123,-44.98054034844123,-29.000767290039683,-5.782779472145,-90.0228142917382,50.9927696608147,-38.03004463092349,"13361"
"Zach Plesac","CLE","SP",85.16000366210938,160,-10.2587271811123,-57.21429332103594,-26.74079084273389,4.066599757831,-90.14721158705112,50.9927696608147,-38.154441926236416,"19979"
"Daniel Hudson","WSN","RP",554.6300048828125,61,-2.41766182374803,-20.859853946258085,-17.50146628763632,-18.616819074841,-59.395801132483406,20.198196636332707,-38.197604496150696,"7146"
"Adbert Alzolay","CHC","SP",452.7799987792969,84,-10.2587271811123,-37.11764111984595,-31.422347025170218,-11.453634180313,-90.25234950644143,50.9927696608147,-38.25957984562674,"17859"
"Jeurys Familia","NYM","RP",600.9099731445312,56,-10.2587271811123,-6.590896320148247,-22.640049533347938,-20.109149261201,-59.59882229580946,20.198196636332707,-38.40062565947675,"5114"
"Luis Avilan","WSN","RP",999,50,-10.2587271811123,-8.348512838955436,-17.978713055500656,-23.093809633921,-59.67976270948936,20.198196636332707,-38.48156607315665,"2882"
"Kyle McGowin","WSN","RP",999,36,-10.2587271811123,-14.870177750805421,-7.666200668268538,-26.973868118457,-59.76897371864323,20.198196636332707,-38.57077708231052,"15071"
"Michael King","NYY","RP",600.8699951171875,41,-10.2587271811123,-14.61577716911604,-7.603071972260627,-27.570800193001,-60.04837651548993,20.198196636332707,-38.850179879157224,"19853"
"J.A. Happ","MIN","SP",430.80999755859375,133,-10.2587271811123,-46.96936989591928,-31.142049440939548,-2.499653062153,-90.86979958012411,50.9927696608147,-38.87702991930941,"7410"
"Jose Quintana","LAA","SP",477.9100036621094,133,-10.2587271811123,-46.96936989591928,-31.142049440939548,-2.499653062153,-90.86979958012411,50.9927696608147,-38.87702991930941,"11423"
"Mitch Keller","PIT","SP",397.239990234375,127,-10.2587271811123,-37.83446775887705,-43.39889479543791,0.485007310566999,-91.00708242486024,50.9927696608147,-39.014312764045535,"17594"
"Matt Shoemaker","MIN","SP",538.3099975585938,104,-10.2587271811123,-46.99255744893781,-24.40255950820033,-9.36437191940899,-91.01821605765942,50.9927696608147,-39.02544639684471,"4776"
"Kyle Nelson","CLE","RP",999,42,-10.2587271811123,-16.743400783948037,-8.943900779646686,-24.586139820281,-60.532168564988,20.198196636332707,-39.33397192865529,"20515"
"Taylor Hearn","TEX","SP",600.22998046875,83,-3.98587489522088,-42.25169660891357,-35.15697276748784,-9.96130399395299,-91.35584826557528,50.9927696608147,-39.363078604760574,"18325"
"Bryse Wilson",,"RP",588.5900268554688,67,-10.2587271811123,-19.102237427450895,-12.011893666076249,-19.213751149385,-60.58660942402441,20.198196636332707,-39.3884127876917,"19990"
"Cole Sulser","BAL","RP",597.9299926757812,48,-8.69051410963944,-14.985784265140849,-13.605237257493958,-23.392275671193,-60.673811303467225,20.198196636332707,-39.47561466713452,"15256"
"John Means","BAL","SP",224.41000366210938,135,-10.2587271811123,-58.48629622948288,-18.59734340660067,-4.290449285785,-91.63281610298085,50.9927696608147,-39.640046442166145,"16269"
"Sam Hentges","CLE","SP",999,37,-10.2587271811123,-27.890320021486854,-24.233393124765662,-29.361596416633,-91.74403674399777,50.9927696608147,-39.751267083183066,"sa828881"
"Tyler Alexander","DET","RP",600.2899780273438,45,-10.2587271811123,-15.864592524544442,-7.890932652101202,-26.973868118457,-60.9881204762149,20.198196636332707,-39.7899238398822,"17735"
"Chasen Shreve","PIT","RP",999,51,-10.2587271811123,-14.106976005737254,-15.935905496417607,-20.706081335745,-61.00769001901214,20.198196636332707,-39.80949338267943,"10855"
"Caleb Thielbar","MIN","RP",999,56,-10.2587271811123,-17.48341497599767,-10.797322250706012,-22.496877559377,-61.03634196719294,20.198196636332707,-39.838145330860236,"10078"
"Spencer Turnbull","DET","SP",460.6499938964844,133,-10.2587271811123,-39.70769079201966,-41.292958540346916,-0.708856838520999,-91.96823335199986,50.9927696608147,-39.97546369118517,"16207"
"Francisco Liriano","TOR","RP",999,42,-10.2587271811123,-9.481721680048423,-15.711173512584931,-25.780003969369,-61.23162634311461,20.198196636332707,-40.03342970678192,"3201"
"Julian Merryweather","TOR","RP",596.77001953125,53,-10.2587271811123,-14.731383683451455,-13.542108561486046,-22.795343596649,-61.327563022698776,20.198196636332707,-40.12936638636607,"16703"
"Cody Stashak","MIN","RP",600.530029296875,58,-10.2587271811123,-21.73866220566168,-8.403525315774452,-21.004547373017,-61.40546207556539,20.198196636332707,-40.207265439232685,"18088"
"Carlos Martinez","STL","SP",428.989990234375,133,-10.2587271811123,-39.70769079201966,-39.60114035711235,-2.798119099425,-92.36567742966929,50.9927696608147,-40.372907768854596,"11682"
"Josh Staumont","KCR","RP",520.1699829101562,63,5.42340353361624,-17.853422072022475,-33.717669368284945,-15.632158702121,-61.77984660881217,20.198196636332707,-40.58164997247946,"18335"
"Alex Claudio","LAA","RP",999,55,-10.2587271811123,-8.094112257266044,-16.22376617625817,-27.272334155729,-61.848939770365476,20.198196636332707,-40.650743134032766,"12890"
"Michael Feliz","PIT","RP",600.5800170898438,60,-5.55408796669373,-18.732230331426088,-19.54427384671938,-18.019887000297,-61.850479145136184,20.198196636332707,-40.652282508803474,"11903"
"Justin Topa","MIL","RP",600.8499755859375,58,-10.2587271811123,-14.476983101762064,-15.170798048712696,-22.198411522105,-62.10491985369203,20.198196636332707,-40.90672321735932,"15145"
"Carlos Rodon","CHW","SP",536.8800048828125,101,-10.2587271811123,-40.609686604441805,-33.9146185519186,-8.17050777032099,-92.95354010779371,50.9927696608147,-40.960770446979,"16137"
"Dallas Keuchel","CHW","SP",215.75,183,-10.2587271811123,-40.794524527075566,-45.73712612997147,3.768133720559,-93.02224411760032,50.9927696608147,-41.02947445678562,"9434"
"J.P. Feyereisen","MIL","RP",999,56,-10.2587271811123,-13.852575424047862,-19.25641316687882,-18.915285112113,-62.28300088415195,20.198196636332707,-41.08480424781924,"16610"
"Mychal Givens","COL","RP",588.6900024414062,65,-7.12230103816658,-25.739508853636305,-14.405690601007784,-15.035226627577,-62.302727120387665,20.198196636332707,-41.104530484054955,"10430"
"Ranger Suarez",,"RP",999,39,-10.2587271811123,-10.36052993945202,-13.380505273661296,-28.466198304817,-62.46596069904258,20.198196636332707,-41.267764062709865,"17277"
"Darwinzon Hernandez","BOS","RP",596,58,-8.69051410963944,-10.846143549812258,-27.01352533135462,-15.930624739393,-62.4808077301993,20.198196636332707,-41.2826110938666,"19848"
"Duane Underwood Jr.","PIT","RP",999,44,-10.2587271811123,-13.736968909712445,-13.317376577653384,-25.183071894825,-62.4961445633031,20.198196636332707,-41.29794792697038,"14677"
"John Curtiss","MIA","RP",598.0800170898438,56,-8.69051410963944,-13.852575424047862,-19.25641316687882,-20.706081335745,-62.50558403631109,20.198196636332707,-41.30738739997839,"16128"
"Kyle Finnegan","WSN","RP",999,58,-10.2587271811123,-14.476983101762064,-18.554434415181817,-19.512217186657,-62.80236188471316,20.198196636332707,-41.604165248380454,"15009"
"Cole Irvin","OAK","RP",600.3699951171875,49,-10.2587271811123,-17.113407879972858,-8.178793331941788,-27.272334155729,-62.82326254875591,20.198196636332707,-41.625065912423196,"19244"
"Homer Bailey",,"SP",599.7899780273438,59,-10.2587271811123,-34.75880447634311,-24.970717772271563,-23.690741708465,-93.67899113819195,50.9927696608147,-41.686221477377245,"8362"
"John King","TEX","RP",600.2899780273438,38,-10.2587271811123,-11.863745876569826,-12.039676466275235,-28.764664342089,-62.926813866046324,20.198196636332707,-41.72861722971361,"22051"
"Richard Lovelady","KCR","RP",999,48,-10.2587271811123,-11.354944713191042,-15.29705544072852,-26.078470006641,-62.98919734167283,20.198196636332707,-41.791000705340124,"19337"
"Adam Cimber","MIA","RP",999,48,-10.2587271811123,-11.354944713191042,-13.605237257493958,-27.869266230273,-63.08817538207026,20.198196636332707,-41.88997874573755,"15288"
"Randy Dobnak","MIN","SP",532.9600219726562,94,-10.2587271811123,-32.97800040451736,-31.29608963315439,-19.512217186657,-94.04503440544103,50.9927696608147,-42.05226474462633,"23798"
"Eric Yardley","MIL","RP",999,63,-10.2587271811123,-10.591742968122864,-18.491305719173905,-23.989207745737,-63.330983614146035,20.198196636332707,-42.132786977813325,"15538"
"Sal Romano","CIN","RP",999,38,-10.2587271811123,-15.494585428519633,-10.347858283040672,-27.272334155729,-63.37350504840157,20.198196636332707,-42.17530841206886,"13690"
"Kodi Whitley","STL","RP",999,44,-10.2587271811123,-13.736968909712445,-13.317376577653384,-26.078470006641,-63.39154267511909,20.198196636332707,-42.19334603878639,"19731"
"Tyler Zuber","KCR","RP",999,36,-10.2587271811123,-11.239338198855615,-14.433473401206783,-27.570800193001,-63.502338974175665,20.198196636332707,-42.304142337842954,"20379"
"Angel Perdomo","MIL","RP",999,37,-10.2587271811123,-9.736122261737817,-19.157938575061976,-24.586139820281,-63.73892783819307,20.198196636332707,-42.54073120186036,"17759"
"Chris Stratton","PIT","RP",598.22998046875,64,-5.55408796669373,-19.98104568685449,-18.140316343325406,-20.109149261201,-63.78459925807462,20.198196636332707,-42.586402621741904,"13761"
"Cionel Perez","CIN","RP",600.989990234375,42,-10.2587271811123,-13.11256123199823,-15.711173512584931,-24.884605857553,-63.967067783248424,20.198196636332707,-42.76887114691572,"19614"
"David Hale","PHI","RP",999,53,-10.2587271811123,-14.731383683451455,-13.542108561486046,-25.780003969369,-64.31222339541877,20.198196636332707,-43.114026759086066,"9756"
"Enoli Paredes","HOU","RP",597.0499877929688,61,-7.12230103816658,-17.229014394308276,-22.57692083734,-17.422954925753,-64.35119119556785,20.198196636332707,-43.15299455923514,"20447"
"Shane McClanahan","TBR","RP",591.77001953125,68,-3.98587489522088,-21.22986104228289,-21.811813389635116,-17.422954925753,-64.45050425289186,20.198196636332707,-43.252307616559165,"sa3008547"
"Casey Sadler","SEA","RP",999,58,-10.2587271811123,-18.10782265371187,-13.478979865478134,-22.795343596649,-64.64087329695128,20.198196636332707,-43.442676660618574,"11209"
"Austin Brice","BOS","RP",999,42,-10.2587271811123,-16.743400783948037,-12.32753714611581,-25.481537932097,-64.81120304327311,20.198196636332707,-43.61300640694041,"17237"
"Dane Dunning","TEX","SP",337.3399963378906,120,-10.2587271811123,-41.095300214802045,-39.08854769343912,-5.185847397601,-95.62842248695443,50.9927696608147,-43.63565282613973,"19409"
"Mike Leake",,"SP",600.5900268554688,86,-10.2587271811123,-41.37288834950998,-22.26127735730044,-21.899945484833,-95.79283837275568,50.9927696608147,-43.80006871194098,"10130"
"Jarlin Garcia","SFG","RP",600.5700073242188,55,-7.12230103816658,-18.986630913115466,-14.531947993023609,-24.586139820281,-65.22701976458664,20.198196636332707,-44.02882312825393,"18282"
"Luis Cessa","NYY","RP",999,50,-10.2587271811123,-15.61019194285505,-14.595076689031533,-24.884605857553,-65.34860167055184,20.198196636332707,-44.15040503421914,"13345"
"Chase Anderson","PHI","SP",595.469970703125,90,-10.2587271811123,-49.88338280883799,-22.549138037141006,-13.542896441217,-96.23414446830827,50.9927696608147,-44.241374807493564,"6895"
"Rex Brothers","CHC","RP",999,38,-10.2587271811123,-11.863745876569826,-20.49876738244804,-23.093809633921,-65.71505007405115,20.198196636332707,-44.51685343771844,"9794"
"Jose Cisnero","DET","RP",596.510009765625,56,-8.69051410963944,-17.48341497599767,-19.25641316687882,-20.407615298473,-65.8379575509889,20.198196636332707,-44.63976091465619,"6399"
"Gregory Soto","DET","RP",443.45001220703125,65,14.8326819624534,-25.739508853636305,-36.39932698305707,-18.616819074841,-65.922972949081,20.198196636332707,-44.72477631274829,"19677"
"Hirokazu Sawamura","BOS","RP",599.8800048828125,54,-10.2587271811123,-16.85900729828347,-18.266573735341233,-20.706081335745,-66.09038955048196,20.198196636332707,-44.89219291414925,"sa3014741"
"Nick Tropeano","SFG","RP",600.9500122070312,49,-10.2587271811123,-17.113407879972858,-14.946066064880034,-23.989207745737,-66.30740887170217,20.198196636332707,-45.10921223536945,"12385"
"Michael Wacha","TBR","SP",534.6500244140625,114,-10.2587271811123,-42.852916733609234,-36.11902939882643,-7.87204173304899,-97.10271504659694,50.9927696608147,-45.109945385782225,"14078"
"Yoan Lopez","ARI","RP",600.9400024414062,50,-10.2587271811123,-15.61019194285505,-16.286894872266096,-24.287673783009,-66.44348777924242,20.198196636332707,-45.24529114290971,"17181"
"Erick Fedde","WSN","SP",600.8400268554688,61,-10.2587271811123,-31.752372602107506,-31.036011753512803,-24.287673783009,-97.33478531974158,50.9927696608147,-45.342015658926876,"17425"
"Brett Anderson","MIL","SP",594.3599853515625,129,-10.2587271811123,-38.458875436591235,-35.92964331080267,-12.945964366673,-97.59321029517916,50.9927696608147,-45.60044063436446,"8223"
"Brooks Raley","HOU","RP",999,56,-10.2587271811123,-17.48341497599767,-15.872776800409696,-23.392275671193,-67.00719462871263,20.198196636332707,-45.808997992379915,"10061"
"Taylor Widener","ARI","RP",600.97998046875,52,-10.2587271811123,-19.86543917251906,-15.584916120569106,-21.303013410289,-67.01209588448944,20.198196636332707,-45.81389924815674,"19266"
"Buck Farmer","DET","RP",600.8400268554688,62,-5.55408796669373,-19.356638009140287,-20.534113278256967,-21.601479447561,-67.04631870165197,20.198196636332707,-45.84812206531926,"14814"
"Kendall Graveman","SEA","RP",595.739990234375,63,-3.98587489522088,-21.484261623972284,-18.491305719173905,-23.093809633921,-67.05525187228805,20.198196636332707,-45.857055235955336,"15514"
"Felix Hernandez","BAL","SP",600.7899780273438,50,-10.2587271811123,-37.39522925455389,-23.054167605204338,-27.272334155729,-97.98045819659949,50.9927696608147,-45.98768853578479,"4772"
"Edward Cabrera","MIA","RP",999,49,-10.2587271811123,-13.482568328023051,-20.021520614583714,-23.690741708465,-67.45355783218403,20.198196636332707,-46.25536119585132,"sa920423"
"Alec Mills","CHC","SP",519,93,-10.2587271811123,-45.3737349974846,-28.263442642533768,-14.438294553033,-98.33419937416363,50.9927696608147,-46.34142971334893,"13834"
"Ryan Borucki","TOR","RP",600.77001953125,58,-8.69051410963944,-18.10782265371187,-18.554434415181817,-22.198411522105,-67.55118270063812,20.198196636332707,-46.352986064305405,"16350"
"Brandon Kintzler","PHI","RP",539.4600219726562,62,-7.12230103816658,-19.356638009140287,-17.150476911787845,-23.989207745737,-67.61862370483169,20.198196636332707,-46.42042706849898,"9939"
"John Gant","STL","RP",587.9199829101562,67,-10.2587271811123,-15.471397875501086,-22.162802765483615,-19.810683223929,-67.70361104602597,20.198196636332707,-46.505414409693266,"13684"
"Carlos Estevez","COL","RP",999,55,-7.12230103816658,-22.617470465065274,-17.91558435949273,-20.109149261201,-67.76450512392557,20.198196636332707,-46.56630848759288,"14542"
"Brady Singer","KCR","SP",256.3299865722656,132,-10.2587271811123,-44.841746281087254,-38.26031154972629,-5.484313434873,-98.84509844679881,50.9927696608147,-46.85232878598411,"25377"
"Michael Fulmer","DET","SP",597.0399780273438,100,-10.2587271811123,-42.11290254155959,-30.881971561297984,-15.632158702121,-98.88575998609085,50.9927696608147,-46.89299032527614,"13218"
"Cal Quantrill","CLE","SP",501.75,97,-10.2587271811123,-46.622550352912995,-28.55130332237436,-13.542896441217,-98.9754772976166,50.9927696608147,-46.98270763680192,"19312"
"Shawn Armstrong","BAL","RP",599.969970703125,52,-10.2587271811123,-19.86543917251906,-15.584916120569106,-22.496877559377,-68.20596003357744,20.198196636332707,-47.00776339724474,"12857"
"Aaron Civale","CLE","SP",179.97000122070312,150,-10.2587271811123,-61.35393403636451,-26.867048234749717,-1.007322875793,-99.48703232801952,50.9927696608147,-47.49426266720482,"19479"
"Jason Adam","CHC","RP",599.5999755859375,56,-10.2587271811123,-21.114254527947473,-19.25641316687882,-18.616819074841,-69.24621395077956,20.198196636332707,-48.04801731444685,"11861"
"William Vest","SEA","RP",999,42,-10.2587271811123,-16.743400783948037,-15.711173512584931,-27.272334155729,-69.98563563337423,20.198196636332707,-48.78743899704153,"sa3004101"
"Cesar Valdez","BAL","RP",581.9500122070312,60,-0.849448752275172,-25.9939094353257,-17.85245566348482,-25.780003969369,-70.47581782045467,20.198196636332707,-49.27762118412195,"9013"
"Jose Urena","DET","SP",596.7899780273438,97,-10.2587271811123,-42.99171080096319,-31.93493968884348,-16.229090776665,-101.41446844758396,50.9927696608147,-49.42169878676924,"11589"
"Devin Smeltzer",,"RP",600.780029296875,38,-10.2587271811123,-19.12542498046944,-12.039676466275235,-29.361596416633,-70.78542504448994,20.198196636332707,-49.58722840815724,"19487"
"Jacob Webb",,"RP",600.9600219726562,38,-10.2587271811123,-15.494585428519633,-18.80694919921348,-26.675402081185,-71.23566389003038,20.198196636332707,-50.03746725369767,"19274"
"Josh Tomlin","ATL","RP",600.719970703125,54,-10.2587271811123,-27.751525954132887,-8.115664635933864,-25.183071894825,-71.30898966600402,20.198196636332707,-50.11079302967131,"9388"
"Adam Wainwright","STL","SP",364.32000732421875,151,-10.2587271811123,-48.95819944339732,-43.43424069124682,0.485007310566999,-102.16616000518943,50.9927696608147,-50.173390344374724,"2233"
"Sandy Alcantara","MIA","SP",137.24000549316406,174,-10.2587271811123,-47.06178885723613,-52.27966687907704,7.34972616782299,-102.25045674960248,50.9927696608147,-50.25768708878777,"18684"
"Ross Detwiler","MIA","RP",999,42,-10.2587271811123,-16.743400783948037,-15.711173512584931,-28.764664342089,-71.47796581973425,20.198196636332707,-50.279769183401534,"2859"
"Dillon Tate","BAL","RP",600.0999755859375,62,-3.98587489522088,-22.987477561090092,-20.534113278256967,-23.989207745737,-71.49667348030492,20.198196636332707,-50.29847684397222,"17796"
"Aaron Slegers","LAA","RP",999,45,-10.2587271811123,-23.12627162844406,-9.582750835335762,-28.764664342089,-71.73241398698109,20.198196636332707,-50.53421735064838,"15231"
"Matt Andriese","BOS","RP",599.469970703125,67,-10.2587271811123,-26.363916531350508,-17.08734821577993,-18.318353037569,-72.02834496581171,20.198196636332707,-50.83014832947901,"12022"
"Casey Mize","DET","SP",457.2300109863281,104,-10.2587271811123,-50.62339700088761,-29.47801405790401,-12.647498329401,-103.00763656930489,50.9927696608147,-51.014866908490184,"20492"
"Junior Guerra","LAA","RP",999,52,-10.2587271811123,-19.86543917251906,-18.968552487038227,-23.392275671193,-72.48499451186257,20.198196636332707,-51.28679787552986,"5702"
"Garrett Whitlock","BOS","RP",999,41,-10.2587271811123,-14.61577716911604,-19.445799254902553,-28.167732267545,-72.48803587267587,20.198196636332707,-51.289839236343155,"sa3005306"
"Johnny Cueto","SFG","SP",555.280029296875,168,-10.2587271811123,-56.08108447994294,-42.54287585152606,5.558929944191,-103.32375756839029,50.9927696608147,-51.3309879075756,"6893"
"Dan Winkler","CHC","RP",599.8800048828125,44,-10.2587271811123,-17.36780846166225,-20.08464931059163,-24.884605857553,-72.59579081091915,20.198196636332707,-51.397594174586445,"12237"
"Lewis Thorpe",,"RP",999,57,-10.2587271811123,-23.241878142779484,-17.213605607795756,-21.899945484833,-72.61415641652052,20.198196636332707,-51.4159597801878,"15906"
"JoJo Romero","PHI","RP",999,50,-10.2587271811123,-19.241031494804858,-19.67053123873522,-24.287673783009,-73.45796369766134,20.198196636332707,-52.25976706132864,"19574"
"Jake Newberry","KCR","RP",999,40,-10.2587271811123,-16.118993106233834,-19.796788630751053,-27.570800193001,-73.74530911109815,20.198196636332707,-52.54711247476545,"15136"
"Dylan Cease","CHW","SP",331.8900146484375,125,-10.2587271811123,-44.47173918506245,-49.176328096838596,-0.708856838520999,-104.61565130153433,50.9927696608147,-52.62288164071961,"18525"
"Jacob Bukauskas","ARI","RP",999,36,-10.2587271811123,-14.870177750805421,-21.200746134145025,-27.570800193001,-73.9004512590637,20.198196636332707,-52.702254622731004,"sa829263"
"Javy Guerra","WSN","RP",999,42,-10.2587271811123,-20.374240335897845,-15.711173512584931,-27.570800193001,-73.91494122259604,20.198196636332707,-52.716744586263324,"7407"
"Trevor Stephan","CLE","RP",999,46,-10.2587271811123,-21.62305569132626,-17.69085237566008,-24.884605857553,-74.4572411056516,20.198196636332707,-53.259044469318894,"sa918441"
"Caleb Smith","ARI","SP",436.2099914550781,127,-10.2587271811123,-59.61950507057589,-38.323440245734226,2.574269571471,-105.62740292595142,50.9927696608147,-53.634633265136706,"14875"
"Jorge Alcala","MIN","RP",600.780029296875,45,-10.2587271811123,-19.49543207649425,-19.73365993474313,-25.481537932097,-74.96935712444665,20.198196636332707,-53.771160488113935,"19459"
"Jorge Lopez","BAL","SP",600.760009765625,83,-10.2587271811123,-45.882536160863374,-31.773336401018717,-18.019887000297,-105.93448674329136,50.9927696608147,-53.94171708247667,"14527"
"Nick Nelson","NYY","RP",999,44,-10.2587271811123,-17.36780846166225,-23.468285677060752,-24.287673783009,-75.38249510284426,20.198196636332707,-54.18429846651156,"20153"
"Luis Patino","TBR","RP",546.1400146484375,63,-10.2587271811123,-21.484261623972284,-25.25857845211215,-18.616819074841,-75.61838633203769,20.198196636332707,-54.42018969570499,"22815"
"Merrill Kelly","ARI","SP",524.6699829101562,155,-10.2587271811123,-61.099533454675125,-38.646646821383705,3.469667683287,-106.53523977388414,50.9927696608147,-54.54247011306943,"11156"
"Matt Foster","CHW","RP",999,56,-10.2587271811123,-21.114254527947473,-20.948231350113378,-23.690741708465,-76.01195476763813,20.198196636332707,-54.81375813130542,"19647"
"Wade LeBlanc","BAL","SP",999,63,-10.2587271811123,-46.900138487620936,-25.25857845211215,-24.884605857553,-107.30204997839834,50.9927696608147,-55.309280317583635,"5221"
"Ervin Santana","KCR","SP",600.5,66,-10.2587271811123,-46.021330228217344,-25.897428507801212,-25.183071894825,-107.36055781195581,50.9927696608147,-55.36778815114112,"3200"
"Jeff Samardzija",,"SP",600.8200073242188,90,-10.2587271811123,-57.1450619127376,-22.549138037141006,-17.721420963025,-107.67434809401588,50.9927696608147,-55.68157843320119,"3254"
"Cristian Javier","HOU","SP",239.50999450683594,93,-10.2587271811123,-52.63541410138421,-38.41435174194114,-6.678177583961,-107.98667060839864,50.9927696608147,-55.99390094758393,"17606"
"Derek Holland","DET","RP",599.25,52,-8.69051410963944,-27.12711827641867,-18.968552487038227,-22.795343596649,-77.58152846974532,20.198196636332707,-56.38333183341262,"4141"
"Anthony Kay","TOR","RP",599.8900146484375,46,-10.2587271811123,-21.62305569132626,-21.074488742129205,-25.183071894825,-78.13934350939275,20.198196636332707,-56.94114687306003,"20387"
"Jairo Diaz","COL","RP",600.9600219726562,42,-10.2587271811123,-20.374240335897845,-22.478446245523177,-26.078470006641,-79.18988376917429,20.198196636332707,-57.99168713284158,"12774"
"Bryan Garcia","DET","RP",474.5799865722656,63,-0.849448752275172,-28.7459407278719,-28.642214818581266,-21.601479447561,-79.83908374628932,20.198196636332707,-58.6408871099566,"19457"
"Adam Plutko","BAL","SP",600.9600219726562,81,-10.2587271811123,-56.150647138998586,-25.708042419777474,-19.810683223929,-111.92809996381733,50.9927696608147,-59.93533030300262,"15846"
"Nick Pivetta","BOS","SP",550.8200073242188,87,-10.2587271811123,-50.762191068241584,-37.13665163056299,-14.736760590305,-112.89433047022186,50.9927696608147,-60.901560809407144,"15454"
"Benjamin Bowden","COL","RP",999,48,-10.2587271811123,-25.87830292099027,-25.44796454013589,-20.706081335745,-82.29107597798343,20.198196636332707,-61.09287934165072,"sa873701"
"Blake Taylor","HOU","RP",600.6599731445312,64,-5.55408796669373,-19.98104568685449,-36.75031635890557,-20.109149261201,-82.39459927365478,20.198196636332707,-61.196402637322066,"16418"
"Kyle Cody","TEX","SP",600.1799926757812,86,-10.2587271811123,-41.37288834950998,-45.9467319225843,-15.930624739393,-113.50897219259953,50.9927696608147,-61.51620253178484,"19686"
"Robert Stephenson","COL","RP",600.969970703125,62,-8.69051410963944,-33.87999621693952,-23.91774964472609,-16.229090776665,-82.71735074797003,20.198196636332707,-61.51915411163732,"13594"
"Kyle Zimmer","KCR","RP",600.989990234375,55,-10.2587271811123,-18.986630913115466,-31.450129825369213,-22.496877559377,-83.19236547897394,20.198196636332707,-61.99416884264123,"14169"
"Travis Lakins","BAL","RP",999,56,-7.12230103816658,-24.745094079897285,-27.715504083051616,-23.690741708465,-83.27364090958046,20.198196636332707,-62.075444273247754,"18600"
"Justus Sheffield","SEA","SP",334.760009765625,143,-10.2587271811123,-42.82972918059067,-61.46851934714582,0.186541273295,-114.37043443555378,50.9927696608147,-62.37766477473906,"17285"
"Aaron Sanchez","SFG","SP",558.219970703125,103,-10.2587271811123,-37.60325473020619,-55.206276182270926,-11.453634180313,-114.52189227390238,50.9927696608147,-62.52912261308768,"11490"
"Wade Davis","KCR","RP",600.8699951171875,53,-10.2587271811123,-25.62390233930088,-25.384835844127974,-22.496877559377,-83.76434292391812,20.198196636332707,-62.56614628758542,"7441"
"Bryan Shaw","CLE","RP",999,56,-10.2587271811123,-24.745094079897285,-26.02368589981706,-23.690741708465,-84.71824886929161,20.198196636332707,-63.5200522329589,"8110"
"Wil Crowe","PIT","SP",999,69,-10.2587271811123,-45.14252196881375,-38.37900584613222,-22.496877559377,-116.27713255543524,50.9927696608147,-64.28436289462054,"19800"
"Steven Brault","PIT","SP",560.27001953125,106,-10.2587271811123,-43.98612557470221,-52.46148987149086,-9.66283795668099,-116.36918058398636,50.9927696608147,-64.37641092317166,"15291"
"Kyle Crick","PIT","RP",577.1699829101562,59,-7.12230103816658,-27.497125372443495,-30.046172321975245,-21.004547373017,-85.6701461056023,20.198196636332707,-64.4719494692696,"13182"
"Brett de Geus","TEX","RP",999,44,-10.2587271811123,-20.99864801361206,-26.85192204352987,-27.570800193001,-85.68009743125519,20.198196636332707,-64.4819007949225,"sa3006813"
"Trevor Williams","CHC","SP",586.719970703125,135,-10.2587271811123,-62.1171357814327,-40.59097978864996,-4.290449285785,-117.25729203697993,50.9927696608147,-65.26452237616525,"16977"
"Keegan Akin","BAL","SP",579.3400268554688,109,-10.2587271811123,-57.63067552309784,-42.94943082777257,-6.97664362123299,-117.81547715321568,50.9927696608147,-65.82270749240098,"19362"
"Danny Duffy","KCR","SP",553.0700073242188,151,-10.2587271811123,-67.11239720314636,-43.43424069124682,2.574269571471,-118.23109550403447,50.9927696608147,-66.23832584321976,"3542"
"Jake Arrieta","CHC","SP",547.02001953125,136,-10.2587271811123,-53.35224074041528,-48.699081328974266,-6.081245509417,-118.39129475991884,50.9927696608147,-66.39852509910412,"4153"
"Jose De Leon","CIN","RP",595.1599731445312,66,-10.2587271811123,-31.497972020418114,-32.664701240739454,-14.139828515761,-88.56122895803084,20.198196636332707,-67.36303232169813,"15463"
"Tanner Houck",,"SP",546.0800170898438,79,-10.2587271811123,-48.264560357384774,-43.32820300382008,-18.318353037569,-120.16984357988613,50.9927696608147,-68.17707391907142,"19879"
"Matt Harvey","BAL","SP",599.7100219726562,73,-10.2587271811123,-57.28385598009158,-33.59141197626913,-21.899945484833,-123.03394062230596,50.9927696608147,-71.04117096149129,"11713"
"Justin Dunn","SEA","SP",581.0800170898438,106,-10.2587271811123,-58.50948378250144,-45.694217138552624,-8.76743984486499,-123.22986794703135,50.9927696608147,-71.23709828621666,"19268"
"Wes Benjamin","TEX","RP",999,50,-10.2587271811123,-33.764389702604085,-23.054167605204338,-26.078470006641,-93.1557544955617,20.198196636332707,-71.95755785922898,"19243"
"Zach Davies","CHC","SP",256.1400146484375,152,-10.2587271811123,-58.34750216212895,-51.54234223157113,-4.290449285785,-124.43902086059735,50.9927696608147,-72.44625119978267,"13183"
"Logan Allen","CLE","SP",577.6099853515625,102,-10.2587271811123,-57.260668427073036,-47.09817464194662,-10.856702105769,-125.47427235590092,50.9927696608147,-73.48150269508622,"18555"
"Alex Cobb","LAA","SP",557.9299926757812,143,-10.2587271811123,-68.24560604423931,-41.16670114833109,-6.97664362123299,-126.64767799491567,50.9927696608147,-74.65490833410097,"6562"
"Joe Ross","WSN","SP",583.22998046875,109,-10.2587271811123,-61.261515075047654,-44.641249011007126,-10.558236068497,-126.71972733566407,50.9927696608147,-74.72695767484937,"12972"
"Chad Kuhl","PIT","SP",577.72998046875,132,-10.2587271811123,-55.73426493693668,-58.562129748541025,-2.201187024881,-126.75630889147097,50.9927696608147,-74.76353923065628,"14975"
"Madison Bumgarner","ARI","SP",341.04998779296875,170,-10.2587271811123,-85.75220857325564,-36.765442550125435,5.85739598146299,-126.91898232303036,50.9927696608147,-74.92621266221566,"5524"
"Wade Miley","CIN","SP",598.1400146484375,131,-10.2587271811123,-53.60664132210468,-58.913119124389524,-4.588915323057,-127.36740295066348,50.9927696608147,-75.37463328984879,"8779"
"Brad Keller","KCR","SP",371.7300109863281,162,-10.2587271811123,-57.83870099875013,-58.18335757249355,-2.798119099425,-129.07890485178095,50.9927696608147,-77.08613519096625,"15734"
"Tyler Anderson","PIT","SP",595.760009765625,144,-10.2587271811123,-70.37322965907131,-47.58298450542084,-1.902720987609,-130.11766233321342,50.9927696608147,-78.12489267239873,"12880"
"Tanner Roark","TOR","SP",591.3400268554688,132,-10.2587271811123,-70.2576231447359,-45.027584282664534,-4.588915323057,-130.13284993156972,50.9927696608147,-78.14008027075504,"8753"
"Anibal Sanchez",,"SP",600.52001953125,98,-10.2587271811123,-66.90437172749405,-40.043041229167784,-14.139828515761,-131.3459686535351,50.9927696608147,-79.35319899272041,"3284"
"Matt Moore","PHI","SP",555.280029296875,117,-10.2587271811123,-74.6516644417539,-43.525152187453735,-5.782779472145,-134.2183232824649,50.9927696608147,-82.2255536216502,"1890"
"Ryan Rolison","COL","SP",600.97998046875,59,-10.2587271811123,-56.54384178804195,-43.58071778785173,-24.586139820281,-134.96942657728695,50.9927696608147,-82.97665691647227,"sa3008244"
"Jordan Lyles","TEX","SP",599.3200073242188,104,-10.2587271811123,-68.77759476063665,-44.70437770701506,-11.453634180313,-135.19433382907698,50.9927696608147,-83.20156416826231,"7593"
"Mike Foltynewicz","TEX","SP",548.8499755859375,124,-10.2587271811123,-71.39083198582891,-47.83549928945253,-6.081245509417,-135.5663039658107,50.9927696608147,-83.57353430499602,"10811"
"Bruce Zimmermann","BAL","SP",999,97,-10.2587271811123,-61.14590856071223,-50.544939704423655,-15.035226627577,-136.98480207382516,50.9927696608147,-84.99203241301048,"20370"
"Mike Fiers","OAK","SP",583.7000122070312,141,-10.2587271811123,-78.51371702237455,-40.176861716793525,-8.46897380759299,-137.41827972787334,50.9927696608147,-85.42551006705867,"7754"
"Yency Almonte","COL","RP",999,58,-8.69051410963944,-39.892859965410715,-37.164434430761986,-22.198411522105,-107.94622002791714,20.198196636332707,-86.74802339158441,"15068"
"Tyler Kinley","COL","RP",999,56,-8.69051410963944,-39.268452287696505,-41.25004954892811,-19.810683223929,-109.01969917019304,20.198196636332707,-87.82150253386031,"18297"
"Kyle Gibson","TEX","SP",553.3599853515625,171,-10.2587271811123,-69.72563442833858,-66.86718047249903,6.155862018735,-140.6956800632149,50.9927696608147,-88.70291040240019,"10123"
"Julio Teheran","DET","SP",577.4199829101562,99,-10.2587271811123,-72.66283489427586,-48.1511427694921,-14.139828515761,-145.2125333606412,50.9927696608147,-93.21976369982652,"6797"
"Jon Lester","WSN","SP",553.7899780273438,131,-10.2587271811123,-75.39167863380352,-55.5294827579204,-5.185847397601,-146.36573597043719,50.9927696608147,-94.37296630962248,"4930"
"Austin Gomber","COL","SP",552.4400024414062,116,-10.2587271811123,-72.52404082692188,-59.102505212413284,-4.588915323057,-146.47418854350445,50.9927696608147,-94.48141888268977,"16561"
"Kyle Freeland","COL","SP",568.3499755859375,113,-10.2587271811123,-66.14116998242586,-61.84729152319334,-11.752100217585,-149.99928890431647,50.9927696608147,-98.0065192435018,"16256"
"Jordan Sheffield","COL","RP",999,37,-10.2587271811123,-42.413678229286084,-41.151574957111265,-26.675402081185,-120.49938244869462,20.198196636332707,-99.30118581236192,"sa738245"
"Dean Kremer","BAL","SP",565.25,132,-10.2587271811123,-77.51930224863553,-61.945766115010144,-1.604254950337,-151.32805049509497,50.9927696608147,-99.33528083428027,"19350"
"Jon Gray","COL","SP",556.9500122070312,153,-10.2587271811123,-89.5218421925594,-66.41771650483368,4.066599757831,-162.13168612067437,50.9927696608147,-110.13891645985966,"14916"
"Martin Perez","BOS","SP",587.3800048828125,155,-10.2587271811123,-86.51541031832377,-79.25028321901316,-2.798119099425,-178.82253981787423,50.9927696608147,-126.82977015705954,"6902"
"Antonio Senzatela","COL","SP",572.9400024414062,144,-10.2587271811123,-110.3124647305192,-89.87843908628486,-7.87204173304899,-218.32167273096536,50.9927696608147,-166.32890307015066,"15488"